{"stats":{"minecraft:used":{"minecraft:moss_block":2,"minecraft:iron_shovel":1202,"minecraft:spruce_slab":151,"born_in_chaos_v1:intoxicating_decoction":1,"minecraft:chest":15,"minecraft:shield":99,"minecraft:iron_chestplate":7,"minecraft:spruce_leaves":326,"ribbits:toadstool":1,"minecraft:carrot":259,"minecraft:tuff":11,"minecraft:snowball":56,"born_in_chaos_v1:corpse_maggot":1,"born_in_chaos_v1:smoked_flesh":21,"minecraft:lantern":1,"twilightforest:twilight_oak_planks":1,"minecraft:iron_helmet":3,"minecraft:light_blue_bed":1,"minecraft:birch_trapdoor":2,"minecraft:red_carpet":2,"minecraft:written_book":3,"minecraft:furnace":8,"minecraft:oak_sapling":12,"minecraft:cooked_cod":3,"ribbits:brown_toadstool":1,"minecraft:egg":344,"epicfight:skillbook":3,"minecraft:damaged_anvil":1,"minecraft:spruce_door":16,"minecraft:stone_pickaxe":1072,"minecraft:oak_planks":14,"minecraft:wooden_pickaxe":91,"minecraft:glow_berries":14,"minecraft:sand":2,"born_in_chaos_v1:holiday_candy":2,"minecraft:shears":357,"minecraft:bread":15,"minecraft:melon_slice":4,"born_in_chaos_v1:smoked_monster_flesh":7,"minecraft:gravel":2,"minecraft:golden_helmet":1,"ribbits:mossy_oak_planks_stairs":1,"minecraft:waxed_cut_copper_stairs":1,"ribbits:swamp_lantern":1,"minecraft:bone_meal":57,"minecraft:stone_sword":146,"minecraft:stone_shovel":1066,"minecraft:spruce_planks":572,"minecraft:cooked_salmon":2,"minecraft:wooden_shovel":67,"minecraft:stone_hoe":68,"minecraft:cooked_chicken":43,"jet_and_elias_armors:ronin_set_boots":1,"minecraft:torch":132,"minecraft:dirt":779,"minecraft:spruce_stairs":16,"minecraft:spruce_fence":31,"minecraft:oak_fence_gate":3,"minecraft:stone_brick_slab":10,"minecraft:wooden_axe":25,"minecraft:waxed_cut_copper":1,"minecraft:iron_axe":566,"minecraft:iron_boots":3,"epicfight:diamond_tachi":602,"epicfight:stone_greatsword":51,"minecraft:waxed_cut_copper_slab":4,"minecraft:cooked_beef":18,"minecraft:cobbled_deepslate":215,"minecraft:light_gray_bed":2,"minecraft:iron_leggings":3,"minecraft:mangrove_boat":3,"minecraft:calcite":4,"minecraft:wheat_seeds":327,"born_in_chaos_v1:mint_ice_cream":5,"minecraft:water_bucket":55,"minecraft:cobblestone_stairs":39,"epicfight:iron_spear":252,"born_in_chaos_v1:stimulating_decoction":1,"minecraft:spruce_fence_gate":6,"minecraft:cobblestone_slab":31,"minecraft:crafting_table":8,"minecraft:red_bed":2,"minecraft:campfire":1,"epicfight:stone_spear":1,"minecraft:spruce_log":229,"minecraft:oak_log":3,"twilightforest:firefly":2,"minecraft:iron_pickaxe":2781,"minecraft:spruce_sapling":68,"minecraft:stone_axe":416,"twilightforest:twilight_oak_wood":5,"minecraft:cobblestone":797,"minecraft:potion":3,"travelersbackpack:standard":2,"minecraft:cooked_porkchop":16,"minecraft:bucket":56,"minecraft:glass_pane":23},"minecraft:dropped":{"minecraft:moss_block":1,"minecraft:cooked_beef":18,"minecraft:glass_bottle":1,"minecraft:cooked_porkchop":1,"minecraft:glow_berries":1,"minecraft:leather":3,"minecraft:dirt":1,"minecraft:cooked_cod":4,"gravestone:obituary":5,"minecraft:amethyst_shard":5,"minecraft:iron_pickaxe":2,"minecraft:bone":20,"minecraft:gravel":2,"minecraft:cooked_chicken":12,"alexsmobs:animal_dictionary":1,"minecraft:cobbled_deepslate":79,"minecraft:beetroot":3,"minecraft:rotten_flesh":3,"ribbits:toadstool_stem":1,"minecraft:carrot":50,"minecraft:leather_chestplate":2,"minecraft:gunpowder":1,"born_in_chaos_v1:diamond_termite_shard":1,"minecraft:leather_leggings":2,"minecraft:arrow":6,"minecraft:beef":8,"minecraft:written_book":1,"minecraft:bread":2,"darkestsouls:soul_fragment":3,"minecraft:iron_ingot":7,"minecraft:egg":2,"minecraft:golden_boots":1,"born_in_chaos_v1:shattered_skull":1,"minecraft:wheat_seeds":16,"minecraft:cobblestone":336,"epicfight:stone_spear":3,"minecraft:coal":12,"minecraft:stick":12,"minecraft:torch":33,"skilltree:gem":8,"minecraft:cooked_salmon":3,"minecraft:iron_leggings":1,"epicfight:stone_greatsword":5,"minecraft:flowering_azalea":1,"minecraft:iron_axe":1,"born_in_chaos_v1:staffof_magic_arrows":1,"minecraft:bucket":2,"ribbits:brown_toadstool":1,"minecraft:redstone":1,"epicfight:iron_spear":1,"alexsmobs:maggot":1,"minecraft:player_head":1,"minecraft:coarse_dirt":1,"minecraft:stone_sword":5,"minecraft:tuff":6,"minecraft:raw_iron":5,"epicfight:diamond_tachi":3,"minecraft:chicken":3,"born_in_chaos_v1:smoked_monster_flesh":2,"minecraft:iron_boots":1,"darkestsouls:throwing_knife":3,"minecraft:shield":5,"minecraft:spruce_planks":1,"born_in_chaos_v1:intoxicating_dagger":2,"endrem:cold_eye":1,"minecraft:stone_bricks":1,"minecraft:blue_orchid":1,"minecraft:stone_pickaxe":2,"minecraft:light_blue_bed":1},"minecraft:crafted":{"minecraft:oak_planks":92,"minecraft:cobblestone_slab":36,"minecraft:cooked_chicken":98,"minecraft:cobblestone_stairs":48,"minecraft:mangrove_boat":1,"minecraft:stone":83,"minecraft:glass":69,"minecraft:stone_brick_slab":30,"minecraft:iron_boots":4,"minecraft:chest":13,"minecraft:stone_bricks":32,"minecraft:stone_hoe":1,"minecraft:wooden_shovel":3,"minecraft:cooked_porkchop":35,"minecraft:crafting_table":3,"minecraft:spruce_planks":1012,"travelersbackpack:standard":1,"minecraft:iron_helmet":2,"skilltree:scholar_necklace":1,"minecraft:spruce_door":12,"travelersbackpack:blue_sleeping_bag":1,"minecraft:campfire":1,"minecraft:iron_chestplate":3,"minecraft:charcoal":1,"minecraft:shield":5,"minecraft:stick":180,"born_in_chaos_v1:smoked_flesh":4,"minecraft:iron_ingot":108,"minecraft:iron_pickaxe":12,"epicfight:diamond_tachi":4,"jet_and_elias_armors:ronin_set_boots":1,"minecraft:spruce_fence_gate":3,"minecraft:shears":2,"minecraft:stone_shovel":7,"minecraft:furnace":3,"minecraft:bone_meal":63,"minecraft:spruce_fence":33,"minecraft:glass_pane":48,"minecraft:spruce_stairs":16,"twilightforest:twilight_oak_planks":12,"minecraft:iron_axe":1,"minecraft:spruce_slab":42,"minecraft:stone_pickaxe":14,"minecraft:cooked_beef":38,"minecraft:cooked_cod":10,"minecraft:diamond_sword":1,"travelersbackpack:backpack_tank":2,"minecraft:cooked_salmon":7,"minecraft:bucket":2,"minecraft:mangrove_planks":24,"epicfight:stone_greatsword":3,"minecraft:stone_axe":2,"minecraft:bread":18,"minecraft:air":0,"minecraft:blue_dye":2,"minecraft:oak_fence_gate":3,"minecraft:gold_nugget":9,"minecraft:wooden_axe":1,"minecraft:blue_wool":2,"minecraft:iron_shovel":5,"minecraft:iron_leggings":2,"minecraft:torch":108},"minecraft:killed":{"twilightforest:boar":1,"born_in_chaos_v1:mr_pumpkin":1,"born_in_chaos_v1:zombie_lumberjack":2,"born_in_chaos_v1:restless_spirit":1,"minecraft:spider":2,"darkestsouls:church_doctor_scythe":1,"darkestsouls:leech":2,"alexsmobs:froststalker":4,"darkestsouls:sewer_centipede":3,"minecraft:skeleton":5,"minecraft:chicken":102,"born_in_chaos_v1:skeleton_thrasher":1,"darkestsouls:beast_patient":9,"darkestsouls:church_doctor_lantern":2,"darkestsouls:hollow_assassin":2,"darkestsouls:hollow_longsword":3,"minecraft:pig":22,"born_in_chaos_v1:diamond_termite":3,"twilightforest:raven":1,"darkestsouls:gravetender_hollow_broken_straightsword":1,"minecraft:creeper":2,"minecraft:zombie":10,"born_in_chaos_v1:dread_hound":8,"born_in_chaos_v1:corpse_fly":7,"alexsmobs:fly":3,"minecraft:cow":18,"twilightforest:squirrel":1,"twilightforest:deer":3,"darkestsouls:church_doctor":1,"minecraft:slime":9,"born_in_chaos_v1:zombie_bruiser":2,"born_in_chaos_v1:maggot":11,"darkestsouls:hollow_broken_straightsword":1,"darkestsouls:skeleton_falchion":2,"born_in_chaos_v1:mr_pumpkin_controlled":1,"minecraft:husk":4,"born_in_chaos_v1:bone_imp_minion":1,"twilightforest:kobold":2,"born_in_chaos_v1:decrepit_skeleton":5,"alexsmobs:cockroach":1,"darkestsouls:cloaked_beast_patient":5,"darkestsouls:skeleton_swordsman_twin_shotels":1,"twilightforest:bighorn_sheep":1,"minecraft:enderman":2},"minecraft:custom":{"minecraft:animals_bred":157,"minecraft:interact_with_crafting_table":143,"minecraft:open_barrel":80,"minecraft:eat_cake_slice":1,"minecraft:leave_game":7,"minecraft:time_since_death":250304,"minecraft:damage_resisted":30,"minecraft:sprint_one_cm":4947305,"minecraft:damage_blocked_by_shield":5230,"minecraft:drop":175,"minecraft:play_noteblock":1,"minecraft:talked_to_villager":4,"minecraft:play_time":1263079,"minecraft:deaths":28,"minecraft:jump":12566,"minecraft:walk_on_water_one_cm":106777,"minecraft:enchant_item":2,"minecraft:interact_with_furnace":211,"minecraft:sleep_in_bed":42,"minecraft:damage_dealt":41526,"minecraft:player_kills":4,"minecraft:crouch_one_cm":395440,"minecraft:interact_with_smoker":18,"minecraft:interact_with_smithing_table":6,"minecraft:interact_with_anvil":3,"minecraft:mob_kills":275,"minecraft:interact_with_campfire":13,"minecraft:damage_dealt_resisted":2330,"minecraft:climb_one_cm":184968,"minecraft:walk_one_cm":10749276,"minecraft:damage_dealt_absorbed":525,"minecraft:sneak_time":54327,"minecraft:walk_under_water_one_cm":57577,"minecraft:interact_with_blast_furnace":3,"minecraft:total_world_time":1263079,"minecraft:time_since_rest":34776,"minecraft:damage_taken":14568,"minecraft:swim_one_cm":54248,"minecraft:fly_one_cm":4993103,"minecraft:open_chest":902,"minecraft:fall_one_cm":191351},"minecraft:killed_by":{"born_in_chaos_v1:nightmare_stalker":2,"darkestsouls:cloaked_beast_patient":3,"born_in_chaos_v1:zombie_bruiser":1,"darkestsouls:leech":3,"minecraft:husk":1,"born_in_chaos_v1:zombie_lumberjack":3,"darkestsouls:sewer_centipede":1,"darkestsouls:beast_patient":1,"cave_dweller:cave_dweller":3,"darkestsouls:hollow_longsword":1},"minecraft:broken":{"minecraft:iron_shovel":3,"minecraft:leather_leggings":1,"minecraft:shears":1,"minecraft:iron_boots":1,"minecraft:iron_chestplate":1,"epicfight:iron_spear":1,"minecraft:stone_pickaxe":6,"minecraft:stone_axe":2,"minecraft:stone_shovel":5,"minecraft:leather_chestplate":1,"minecraft:wooden_pickaxe":2,"minecraft:shield":1,"minecraft:iron_axe":2,"minecraft:iron_pickaxe":9,"minecraft:iron_helmet":1},"minecraft:mined":{"minecraft:waxed_cut_copper_slab":4,"darkestsouls:siderite_ore":3,"minecraft:spruce_planks":125,"minecraft:farmland":7,"minecraft:cobblestone_stairs":5,"minecraft:cave_vines_plant":15,"minecraft:granite":67,"minecraft:grass_block":1110,"minecraft:light_gray_bed":2,"darkestsouls:deepslate_siderite_ore":4,"minecraft:cobbled_deepslate":21,"minecraft:iron_ore":59,"minecraft:fire":2,"twilightforest:twilight_oak_wood":14,"minecraft:moss_carpet":2,"minecraft:deepslate_lapis_ore":13,"minecraft:cave_vines":10,"minecraft:dirt_path":4,"minecraft:blue_orchid":1,"minecraft:player_head":1,"minecraft:spruce_slab":114,"minecraft:waxed_cut_copper":1,"minecraft:waxed_cut_copper_stairs":1,"minecraft:deepslate_redstone_ore":13,"minecraft:red_bed":2,"twilightforest:liveroot_block":12,"minecraft:clay":22,"minecraft:torch":16,"minecraft:chest":3,"twilightforest:twilight_oak_log":31,"minecraft:nether_brick_slab":2,"minecraft:cobblestone":481,"minecraft:oak_planks":13,"minecraft:damaged_anvil":1,"minecraft:wall_torch":19,"minecraft:deepslate_copper_ore":18,"minecraft:mud":8,"ribbits:toadstool_stem":1,"minecraft:birch_log":37,"minecraft:wheat":276,"minecraft:birch_trapdoor":2,"twilightforest:root":61,"twilightforest:twilight_oak_planks":1,"minecraft:grass":316,"minecraft:oak_log":71,"minecraft:sand":63,"minecraft:dirt":1357,"minecraft:mangrove_log":6,"darkestsouls:deepslate_cinnabar_ore":45,"minecraft:oak_leaves":3,"minecraft:deepslate":638,"twilightforest:firefly":3,"minecraft:tuff":45,"minecraft:deepslate_diamond_ore":8,"born_in_chaos_v1:infected_diamond_ore":3,"minecraft:glow_lichen":2,"gravestone:gravestone":4,"minecraft:spruce_fence":8,"born_in_chaos_v1:black_argillite":17,"ribbits:toadstool":1,"minecraft:spruce_leaves":415,"minecraft:moss_block":25,"twilightforest:trollsteinn":1,"minecraft:large_fern":34,"minecraft:redstone_ore":20,"minecraft:furnace":5,"minecraft:spruce_sapling":1,"minecraft:carrots":73,"twilightforest:hollow_canopy_log_horizontal":1,"minecraft:snow":10,"twilightforest:twilight_oak_leaves":4,"minecraft:stripped_spruce_log":1,"minecraft:big_dripleaf_stem":1,"ribbits:mossy_oak_planks_stairs":1,"minecraft:deepslate_iron_ore":49,"minecraft:cobblestone_slab":2,"minecraft:vine":14,"minecraft:lantern":1,"minecraft:stripped_oak_log":1,"minecraft:stone":1948,"minecraft:podzol":4,"twilightforest:root_strand":1,"born_in_chaos_v1:marigolds":1,"minecraft:stone_brick_slab":55,"minecraft:spruce_door":5,"travelersbackpack:standard":1,"minecraft:crafting_table":7,"minecraft:emerald_ore":2,"ribbits:swamp_lantern":1,"minecraft:tall_grass":22,"minecraft:lightning_rod":2,"minecraft:copper_ore":16,"minecraft:deepslate_gold_ore":40,"minecraft:lapis_ore":4,"twilightforest:mayapple":3,"minecraft:spruce_stairs":7,"minecraft:coarse_dirt":1,"minecraft:light_blue_bed":1,"minecraft:ice":11,"minecraft:spruce_log":448,"ribbits:brown_toadstool":1,"minecraft:coal_ore":208,"darkestsouls:cinnabar_ore":6,"minecraft:gravel":27,"minecraft:spruce_fence_gate":3,"minecraft:gold_ore":9,"minecraft:fern":39},"minecraft:picked_up":{"minecraft:iron_chestplate":11,"minecraft:wheat":275,"minecraft:prismarine_shard":4,"minecraft:potion":6,"darkestsouls:beast_blood_clump":4,"minecraft:amethyst_block":36,"born_in_chaos_v1:black_argillite":17,"minecraft:raw_copper":249,"minecraft:string":7,"minecraft:waxed_cut_copper_slab":4,"minecraft:cooked_salmon":3,"minecraft:iron_leggings":5,"darkestsouls:rune_fragment":6,"minecraft:tnt_minecart":1,"minecraft:cobbled_deepslate":1927,"minecraft:bucket":6,"twilightforest:trollsteinn":2,"minecraft:spruce_planks":192,"minecraft:cobblestone_slab":15,"minecraft:written_book":1,"minecraft:calcite":22,"minecraft:iron_pickaxe":14,"born_in_chaos_v1:stimulating_decoction":2,"minecraft:mangrove_log":6,"minecraft:iron_boots":7,"minecraft:furnace":9,"minecraft:golden_helmet":3,"minecraft:stick":401,"ribbits:toadstool":1,"born_in_chaos_v1:shattered_skull":4,"minecraft:birch_trapdoor":2,"minecraft:big_dripleaf":2,"born_in_chaos_v1:phantom_powder":1,"minecraft:torch":202,"minecraft:spruce_stairs":9,"minecraft:porkchop":41,"epicfight:skillbook":2,"minecraft:snow_block":64,"minecraft:lightning_rod":2,"minecraft:cherry_log":2,"minecraft:waxed_cut_copper_stairs":1,"minecraft:stone_sword":24,"minecraft:light_gray_bed":2,"minecraft:rotten_flesh":69,"darkestsouls:titanite_fragment":9,"minecraft:waxed_cut_copper":1,"minecraft:snowball":59,"minecraft:cobblestone":4709,"minecraft:birch_log":37,"born_in_chaos_v1:staffof_magic_arrows":1,"minecraft:leather_chestplate":1,"epicfight:stone_spear":4,"minecraft:feather":98,"minecraft:cooked_beef":6,"twilightforest:twilight_oak_log":32,"minecraft:water_bucket":1,"minecraft:jungle_log":2,"twilightforest:twilight_oak_wood":14,"minecraft:brown_wool":1,"minecraft:potato":1,"minecraft:flint":13,"darkestsouls:cinnabar":86,"minecraft:tuff":72,"skilltree:gem":55,"minecraft:lapis_lazuli":137,"minecraft:dirt":2610,"minecraft:lantern":1,"born_in_chaos_v1:monster_skin":13,"born_in_chaos_v1:marigolds":1,"minecraft:bone":51,"ribbits:brown_toadstool":2,"minecraft:wheat_seeds":772,"minecraft:raw_gold":51,"minecraft:rabbit":1,"minecraft:mossy_stone_bricks":1,"minecraft:moss_block":28,"minecraft:stone_hoe":1,"minecraft:oak_planks":13,"ribbits:mossy_oak_planks_stairs":1,"minecraft:cooked_porkchop":1,"minecraft:sand":63,"minecraft:stripped_spruce_log":1,"minecraft:grass_block":2,"minecraft:dark_oak_log":1,"alexsmobs:animal_dictionary":2,"minecraft:spruce_fence_gate":3,"minecraft:sugar":12,"twilightforest:twilight_oak_sapling":6,"minecraft:diamond":8,"minecraft:granite":19,"minecraft:bone_meal":6,"minecraft:emerald":2,"minecraft:bread":8,"alexsmobs:maggot":5,"minecraft:oak_sapling":12,"minecraft:mud":8,"minecraft:charcoal":7,"minecraft:fishing_rod":2,"minecraft:spruce_leaves":352,"minecraft:coarse_dirt":3,"born_in_chaos_v1:diamond_termite_shard":4,"minecraft:crafting_table":10,"minecraft:nether_wart":2,"minecraft:chicken":101,"born_in_chaos_v1:smoked_monster_flesh":12,"minecraft:clay_ball":92,"minecraft:leather_leggings":1,"minecraft:wooden_pickaxe":6,"alexsmobs:froststalker_horn":1,"gravestone:obituary":3,"minecraft:shield":16,"ribbits:toadstool_stem":1,"minecraft:red_bed":2,"minecraft:moss_carpet":2,"minecraft:iron_axe":6,"minecraft:flint_and_steel":3,"born_in_chaos_v1:intoxicating_decoction":5,"minecraft:item_frame":1,"minecraft:white_carpet":2,"minecraft:blue_orchid":1,"minecraft:beef":44,"born_in_chaos_v1:gnawed_bones":2,"minecraft:player_head":1,"minecraft:spruce_slab":115,"minecraft:chest":3,"minecraft:birch_sapling":2,"minecraft:egg":346,"minecraft:raw_iron":147,"ribbits:giant_lilypad":6,"darkestsouls:soul_fragment":15,"minecraft:spruce_fence":8,"born_in_chaos_v1:pieceofdarkmetal":8,"minecraft:carrot":469,"minecraft:redstone":152,"minecraft:light_blue_bed":2,"twilightforest:firefly":3,"minecraft:stone_shovel":2,"minecraft:arrow":30,"minecraft:cooked_cod":4,"ribbits:swamp_lantern":1,"minecraft:glow_berries":12,"minecraft:mutton":2,"minecraft:white_wool":3,"minecraft:stripped_oak_log":3,"born_in_chaos_v1:corpse_maggot":11,"born_in_chaos_v1:monster_flesh":26,"minecraft:leather":17,"minecraft:mushroom_stew":4,"minecraft:oak_log":78,"minecraft:gunpowder":5,"minecraft:cobblestone_stairs":8,"twilightforest:twilight_oak_planks":1,"twilightforest:liveroot":12,"twilightforest:raw_venison":7,"minecraft:mangrove_boat":5,"minecraft:red_carpet":2,"minecraft:apple":2,"born_in_chaos_v1:intoxicating_dagger":3,"minecraft:stone_bricks":12,"born_in_chaos_v1:smoked_flesh":25,"minecraft:iron_ingot":18,"minecraft:stone_pickaxe":30,"minecraft:cooked_chicken":5,"darkestsouls:blood_stone_fragment":4,"minecraft:glass_bottle":1,"minecraft:mangrove_planks":49,"minecraft:flowering_azalea":2,"minecraft:smooth_basalt":54,"minecraft:warped_fungus":3,"epicfight:stone_greatsword":6,"epicfight:iron_spear":2,"minecraft:stone_brick_slab":53,"born_in_chaos_v1:ethereal_spirit":1,"minecraft:gravel":45,"minecraft:amethyst_shard":4,"minecraft:spruce_sapling":85,"born_in_chaos_v1:fangofthe_hound_leader":3,"minecraft:spruce_log":495,"minecraft:nether_brick_slab":2,"minecraft:spruce_door":8,"travelersbackpack:standard":1,"epicfight:diamond_tachi":9,"darkestsouls:siderite_fragment":16,"minecraft:slime_ball":18,"minecraft:stone_axe":4,"minecraft:iron_helmet":7,"darkestsouls:small_soul_fragment":6,"minecraft:damaged_anvil":3,"minecraft:coal":239,"darkestsouls:throwing_knife":12,"minecraft:ender_pearl":1}},"DataVersion":3465}