{"stats":{"minecraft:used":{"minecraft:moss_block":2,"minecraft:iron_shovel":1202,"minecraft:spruce_slab":151,"immersive_aircraft:airship":1,"minecraft:ladder":7,"born_in_chaos_v1:intoxicating_decoction":1,"minecraft:chest":19,"minecraft:shield":99,"minecraft:iron_chestplate":7,"minecraft:spruce_leaves":326,"ribbits:toadstool":1,"minecraft:carrot":259,"minecraft:tuff":11,"minecraft:snowball":56,"born_in_chaos_v1:corpse_maggot":1,"born_in_chaos_v1:smoked_flesh":21,"minecraft:lantern":1,"twilightforest:twilight_oak_planks":1,"minecraft:iron_helmet":3,"minecraft:light_blue_bed":1,"minecraft:birch_trapdoor":2,"minecraft:red_carpet":2,"minecraft:written_book":3,"minecraft:furnace":8,"minecraft:oak_sapling":12,"minecraft:cooked_cod":3,"minecraft:mangrove_slab":1,"ribbits:brown_toadstool":1,"minecraft:egg":344,"epicfight:skillbook":4,"minecraft:damaged_anvil":1,"minecraft:spruce_door":16,"minecraft:stone_pickaxe":1603,"minecraft:oak_planks":14,"minecraft:wooden_pickaxe":91,"minecraft:glow_berries":14,"minecraft:sand":2,"minecraft:mushroom_stew":1,"born_in_chaos_v1:holiday_candy":2,"minecraft:shears":357,"minecraft:string":2,"minecraft:bread":15,"minecraft:melon_slice":4,"born_in_chaos_v1:smoked_monster_flesh":7,"minecraft:gravel":2,"minecraft:golden_helmet":1,"ribbits:mossy_oak_planks_stairs":1,"minecraft:waxed_cut_copper_stairs":1,"ribbits:swamp_lantern":1,"minecraft:bone_meal":57,"minecraft:stone_sword":146,"minecraft:stone_shovel":1066,"minecraft:spruce_planks":572,"minecraft:cooked_salmon":2,"minecraft:wooden_shovel":67,"minecraft:stone_hoe":68,"minecraft:cooked_chicken":59,"jet_and_elias_armors:ronin_set_boots":1,"minecraft:torch":168,"minecraft:dirt":795,"minecraft:spruce_stairs":16,"jet_and_elias_armors:the_dames_armor_helmet":1,"minecraft:spruce_fence":31,"minecraft:oak_fence_gate":3,"minecraft:stone_brick_slab":10,"minecraft:wooden_axe":73,"minecraft:waxed_cut_copper":1,"minecraft:iron_axe":596,"minecraft:iron_boots":3,"epicfight:diamond_tachi":909,"epicfight:stone_greatsword":51,"minecraft:waxed_cut_copper_slab":4,"minecraft:cooked_beef":25,"minecraft:cobbled_deepslate":237,"minecraft:light_gray_bed":2,"minecraft:iron_leggings":3,"minecraft:mangrove_boat":4,"minecraft:calcite":4,"minecraft:wheat_seeds":327,"born_in_chaos_v1:mint_ice_cream":5,"minecraft:water_bucket":56,"minecraft:cobblestone_stairs":39,"epicfight:iron_spear":252,"born_in_chaos_v1:stimulating_decoction":1,"minecraft:spruce_fence_gate":6,"minecraft:cobblestone_slab":31,"minecraft:crafting_table":9,"minecraft:red_bed":2,"minecraft:campfire":1,"minecraft:cake":2,"epicfight:stone_spear":1,"minecraft:spruce_log":233,"minecraft:oak_log":3,"minecraft:apple":1,"twilightforest:firefly":2,"minecraft:iron_pickaxe":3014,"minecraft:spruce_sapling":74,"minecraft:stone_axe":457,"twilightforest:twilight_oak_wood":5,"minecraft:cobblestone":931,"minecraft:potion":3,"travelersbackpack:standard":3,"minecraft:cooked_porkchop":25,"minecraft:bucket":56,"minecraft:glass_pane":23},"minecraft:dropped":{"minecraft:moss_block":1,"minecraft:cooked_beef":18,"minecraft:ender_pearl":18,"minecraft:glass_bottle":1,"minecraft:cooked_porkchop":2,"minecraft:glow_berries":1,"minecraft:leather":3,"minecraft:emerald":12,"minecraft:dirt":1,"minecraft:cooked_cod":4,"gravestone:obituary":8,"minecraft:amethyst_shard":5,"minecraft:iron_pickaxe":2,"minecraft:mangrove_slab":1,"minecraft:gold_ingot":29,"minecraft:bone":20,"minecraft:gravel":2,"minecraft:cooked_chicken":12,"alexsmobs:animal_dictionary":1,"minecraft:cobbled_deepslate":81,"minecraft:beetroot":3,"minecraft:rotten_flesh":11,"ribbits:toadstool_stem":1,"minecraft:carrot":50,"minecraft:leather_chestplate":2,"minecraft:gunpowder":1,"minecraft:birch_door":1,"born_in_chaos_v1:diamond_termite_shard":1,"minecraft:leather_leggings":3,"minecraft:arrow":6,"minecraft:beef":8,"minecraft:written_book":1,"minecraft:bread":2,"darkestsouls:soul_fragment":3,"minecraft:iron_ingot":7,"minecraft:egg":2,"minecraft:golden_boots":1,"born_in_chaos_v1:shattered_skull":1,"minecraft:wheat_seeds":17,"minecraft:mangrove_trapdoor":2,"minecraft:book":336,"minecraft:cobblestone":336,"epicfight:stone_spear":3,"minecraft:spruce_stairs":15,"minecraft:coal":33,"minecraft:stick":12,"minecraft:iron_block":1,"minecraft:torch":35,"skilltree:gem":8,"minecraft:cooked_salmon":3,"minecraft:iron_leggings":1,"epicfight:stone_greatsword":5,"minecraft:flowering_azalea":1,"minecraft:iron_axe":1,"born_in_chaos_v1:staffof_magic_arrows":1,"minecraft:bucket":2,"ribbits:brown_toadstool":1,"minecraft:redstone":1,"epicfight:iron_spear":1,"alexsmobs:maggot":1,"minecraft:player_head":1,"minecraft:coarse_dirt":1,"minecraft:stone_sword":5,"minecraft:tuff":6,"minecraft:raw_iron":5,"epicfight:diamond_tachi":3,"minecraft:chicken":3,"born_in_chaos_v1:smoked_monster_flesh":2,"minecraft:iron_boots":1,"skilltree:scholar_necklace":1,"darkestsouls:throwing_knife":3,"minecraft:shield":5,"minecraft:spruce_planks":1,"minecraft:cake":2,"born_in_chaos_v1:intoxicating_dagger":2,"endrem:cold_eye":1,"minecraft:stone_bricks":1,"minecraft:blue_orchid":1,"minecraft:stone_pickaxe":2,"minecraft:light_blue_bed":1},"minecraft:crafted":{"immersive_aircraft:engine":1,"minecraft:smooth_stone":3,"minecraft:oak_planks":92,"minecraft:cobblestone_slab":36,"minecraft:cooked_chicken":100,"minecraft:cobblestone_stairs":48,"minecraft:mangrove_boat":1,"minecraft:stone":109,"minecraft:heavy_weighted_pressure_plate":3,"minecraft:glass":69,"minecraft:stone_brick_slab":30,"minecraft:iron_boots":4,"immersive_aircraft:hull":2,"minecraft:chest":17,"minecraft:stone_bricks":32,"minecraft:stone_hoe":1,"minecraft:wooden_shovel":3,"minecraft:cooked_porkchop":35,"minecraft:crafting_table":4,"minecraft:spruce_planks":1012,"travelersbackpack:standard":1,"minecraft:iron_helmet":2,"skilltree:scholar_necklace":1,"minecraft:spruce_door":12,"minecraft:copper_ingot":9,"travelersbackpack:blue_sleeping_bag":1,"minecraft:campfire":1,"minecraft:iron_chestplate":3,"minecraft:charcoal":1,"minecraft:shield":5,"minecraft:stick":192,"born_in_chaos_v1:smoked_flesh":4,"minecraft:iron_ingot":130,"minecraft:iron_pickaxe":13,"epicfight:diamond_tachi":4,"jet_and_elias_armors:ronin_set_boots":1,"minecraft:spruce_fence_gate":3,"minecraft:shears":2,"minecraft:stone_shovel":7,"immersive_aircraft:sail":6,"minecraft:furnace":3,"minecraft:blast_furnace":1,"minecraft:piston":2,"minecraft:bone_meal":63,"minecraft:spruce_fence":33,"minecraft:glass_pane":48,"minecraft:spruce_stairs":16,"twilightforest:twilight_oak_planks":12,"minecraft:iron_axe":1,"jet_and_elias_armors:the_dames_armor_helmet":1,"minecraft:ladder":15,"minecraft:spruce_slab":42,"minecraft:stone_pickaxe":16,"immersive_aircraft:airship":1,"minecraft:cooked_beef":38,"minecraft:cooked_cod":10,"minecraft:diamond_sword":1,"immersive_aircraft:boiler":1,"travelersbackpack:backpack_tank":2,"minecraft:cooked_salmon":7,"minecraft:bucket":2,"minecraft:mangrove_planks":24,"epicfight:stone_greatsword":3,"minecraft:stone_axe":2,"minecraft:bread":18,"minecraft:air":0,"minecraft:blue_dye":2,"minecraft:oak_fence_gate":3,"minecraft:gold_nugget":9,"minecraft:wooden_axe":1,"minecraft:blue_wool":2,"minecraft:iron_shovel":5,"minecraft:iron_leggings":2,"minecraft:torch":152},"minecraft:killed":{"twilightforest:boar":1,"minecraft:cave_spider":7,"born_in_chaos_v1:mr_pumpkin":1,"born_in_chaos_v1:zombie_lumberjack":2,"born_in_chaos_v1:restless_spirit":1,"darkestsouls:ashen_blood_beast_patient":1,"minecraft:spider":5,"darkestsouls:church_doctor_scythe":1,"darkestsouls:leech":2,"alexsmobs:froststalker":4,"darkestsouls:sewer_centipede":3,"minecraft:skeleton":12,"minecraft:chicken":102,"born_in_chaos_v1:skeleton_thrasher":1,"darkestsouls:beast_patient":12,"darkestsouls:church_doctor_lantern":2,"darkestsouls:hollow_assassin":2,"darkestsouls:hollow_longsword":3,"minecraft:pig":22,"born_in_chaos_v1:diamond_termite":3,"twilightforest:raven":1,"darkestsouls:gravetender_hollow_broken_straightsword":1,"minecraft:creeper":2,"born_in_chaos_v1:zombie_fisherman":1,"minecraft:zombie":13,"born_in_chaos_v1:dread_hound":8,"minecraft:stray":1,"born_in_chaos_v1:corpse_fly":9,"alexsmobs:fly":3,"minecraft:cow":18,"twilightforest:squirrel":1,"twilightforest:deer":3,"darkestsouls:church_doctor":1,"minecraft:slime":9,"born_in_chaos_v1:zombie_bruiser":2,"born_in_chaos_v1:maggot":12,"darkestsouls:hollow_broken_straightsword":1,"darkestsouls:skeleton_falchion":2,"born_in_chaos_v1:mr_pumpkin_controlled":1,"minecraft:husk":7,"born_in_chaos_v1:bone_imp_minion":1,"minecraft:frog":1,"twilightforest:kobold":2,"born_in_chaos_v1:decrepit_skeleton":6,"alexsmobs:cockroach":1,"born_in_chaos_v1:bonescaller_not_despawn":1,"darkestsouls:cloaked_beast_patient":8,"darkestsouls:skeleton_swordsman_twin_shotels":1,"minecraft:enderman":2,"twilightforest:bighorn_sheep":1},"minecraft:custom":{"minecraft:animals_bred":157,"minecraft:interact_with_crafting_table":162,"minecraft:open_barrel":101,"minecraft:eat_cake_slice":3,"minecraft:leave_game":8,"minecraft:time_since_death":231276,"minecraft:damage_resisted":174,"minecraft:sprint_one_cm":5638726,"minecraft:damage_blocked_by_shield":5230,"minecraft:drop":211,"minecraft:play_noteblock":1,"minecraft:talked_to_villager":4,"minecraft:play_time":1503138,"minecraft:deaths":29,"minecraft:jump":14872,"minecraft:walk_on_water_one_cm":142653,"minecraft:enchant_item":2,"minecraft:interact_with_furnace":232,"minecraft:interact_with_cartography_table":1,"minecraft:sleep_in_bed":45,"minecraft:damage_dealt":53667,"minecraft:player_kills":4,"minecraft:crouch_one_cm":470383,"minecraft:interact_with_smoker":18,"minecraft:interact_with_smithing_table":6,"minecraft:interact_with_anvil":3,"minecraft:mob_kills":317,"minecraft:interact_with_campfire":13,"minecraft:damage_dealt_resisted":3275,"minecraft:climb_one_cm":198858,"minecraft:walk_one_cm":12257442,"minecraft:damage_dealt_absorbed":617,"minecraft:sneak_time":70686,"minecraft:walk_under_water_one_cm":72071,"minecraft:interact_with_blast_furnace":11,"minecraft:total_world_time":1503138,"minecraft:tune_noteblock":1,"minecraft:interact_with_stonecutter":1,"minecraft:time_since_rest":96063,"minecraft:damage_taken":18762,"minecraft:swim_one_cm":59687,"minecraft:fly_one_cm":5403305,"minecraft:open_chest":1099,"minecraft:fall_one_cm":229768},"minecraft:killed_by":{"born_in_chaos_v1:nightmare_stalker":2,"darkestsouls:cloaked_beast_patient":3,"born_in_chaos_v1:zombie_bruiser":1,"darkestsouls:leech":3,"minecraft:husk":1,"born_in_chaos_v1:zombie_lumberjack":3,"darkestsouls:sewer_centipede":1,"darkestsouls:ashen_blood_beast_patient":1,"darkestsouls:beast_patient":1,"cave_dweller:cave_dweller":3,"darkestsouls:hollow_longsword":1},"minecraft:broken":{"minecraft:iron_shovel":3,"minecraft:leather_leggings":1,"minecraft:shears":1,"minecraft:iron_boots":1,"minecraft:iron_chestplate":1,"epicfight:iron_spear":1,"minecraft:stone_pickaxe":9,"minecraft:stone_axe":4,"minecraft:stone_shovel":5,"minecraft:leather_chestplate":1,"minecraft:wooden_pickaxe":2,"minecraft:shield":1,"minecraft:iron_axe":2,"minecraft:iron_pickaxe":9,"minecraft:iron_helmet":1},"minecraft:mined":{"minecraft:dark_oak_planks":9,"minecraft:waxed_cut_copper_slab":4,"darkestsouls:siderite_ore":3,"minecraft:spruce_planks":129,"minecraft:farmland":7,"minecraft:cobblestone_stairs":5,"minecraft:potted_crimson_fungus":1,"minecraft:brewing_stand":1,"minecraft:cave_vines_plant":15,"minecraft:granite":68,"minecraft:grass_block":1114,"minecraft:light_gray_bed":2,"darkestsouls:deepslate_siderite_ore":4,"minecraft:spawner":2,"minecraft:weeping_vines_plant":2,"minecraft:cobbled_deepslate":22,"minecraft:iron_ore":103,"minecraft:fire":2,"twilightforest:twilight_oak_wood":14,"minecraft:moss_carpet":2,"minecraft:deepslate_lapis_ore":13,"minecraft:cave_vines":11,"minecraft:dirt_path":4,"minecraft:iron_block":2,"minecraft:blue_orchid":1,"minecraft:player_head":2,"minecraft:spruce_slab":114,"minecraft:tripwire":2,"farmersdelight:wild_potatoes":1,"minecraft:waxed_cut_copper":1,"minecraft:waxed_cut_copper_stairs":2,"minecraft:deepslate_redstone_ore":13,"minecraft:red_bed":2,"minecraft:soul_lantern":1,"twilightforest:liveroot_block":12,"minecraft:clay":50,"minecraft:torch":17,"minecraft:blast_furnace":2,"minecraft:chest":3,"twilightforest:twilight_oak_log":31,"minecraft:nether_brick_slab":2,"minecraft:cobblestone":497,"minecraft:oak_planks":13,"minecraft:damaged_anvil":1,"minecraft:wall_torch":19,"minecraft:deepslate_copper_ore":18,"minecraft:chain":1,"minecraft:mud":8,"ribbits:toadstool_stem":1,"minecraft:birch_log":37,"minecraft:wheat":276,"minecraft:birch_trapdoor":2,"twilightforest:root":61,"twilightforest:twilight_oak_planks":1,"minecraft:grass":326,"minecraft:oak_log":71,"minecraft:sand":63,"minecraft:dirt":1366,"minecraft:mangrove_log":6,"minecraft:red_mushroom_block":8,"darkestsouls:deepslate_cinnabar_ore":45,"minecraft:oak_leaves":4,"minecraft:deepslate":638,"twilightforest:firefly":3,"minecraft:tuff":45,"minecraft:dark_oak_leaves":2,"minecraft:mossy_cobblestone":1,"minecraft:deepslate_diamond_ore":8,"minecraft:ladder":1,"born_in_chaos_v1:infected_diamond_ore":3,"minecraft:glow_lichen":2,"gravestone:gravestone":6,"minecraft:spruce_fence":8,"born_in_chaos_v1:black_argillite":17,"minecraft:weeping_vines":1,"ribbits:toadstool":1,"minecraft:spruce_leaves":425,"minecraft:moss_block":25,"twilightforest:trollsteinn":1,"minecraft:large_fern":35,"minecraft:redstone_ore":20,"minecraft:furnace":5,"minecraft:spruce_sapling":1,"minecraft:carrots":73,"twilightforest:hollow_canopy_log_horizontal":1,"minecraft:snow":10,"twilightforest:twilight_oak_leaves":4,"minecraft:stripped_spruce_log":1,"minecraft:big_dripleaf_stem":1,"ribbits:mossy_oak_planks_stairs":1,"minecraft:bookshelf":65,"minecraft:deepslate_iron_ore":49,"minecraft:cobblestone_slab":2,"minecraft:vine":15,"minecraft:lantern":2,"minecraft:stripped_oak_log":1,"minecraft:stone":2441,"minecraft:podzol":4,"twilightforest:root_strand":1,"born_in_chaos_v1:marigolds":1,"minecraft:stone_brick_slab":55,"minecraft:spruce_door":5,"travelersbackpack:standard":1,"minecraft:crafting_table":7,"minecraft:emerald_ore":4,"ribbits:swamp_lantern":1,"minecraft:lectern":1,"minecraft:tall_grass":27,"minecraft:lightning_rod":2,"minecraft:copper_ore":25,"minecraft:deepslate_gold_ore":40,"minecraft:lapis_ore":4,"twilightforest:mayapple":3,"minecraft:spruce_stairs":7,"minecraft:coarse_dirt":1,"minecraft:light_blue_bed":1,"minecraft:ice":11,"minecraft:spruce_log":477,"minecraft:white_wall_banner":1,"ribbits:brown_toadstool":1,"minecraft:coal_ore":356,"darkestsouls:cinnabar_ore":7,"minecraft:cyan_carpet":7,"minecraft:gravel":27,"minecraft:spruce_fence_gate":3,"minecraft:gold_ore":9,"minecraft:fern":44},"minecraft:picked_up":{"minecraft:wooden_axe":1,"minecraft:birch_door":1,"minecraft:iron_chestplate":12,"minecraft:wheat":275,"minecraft:flower_pot":1,"minecraft:prismarine_shard":4,"minecraft:potion":10,"minecraft:brewing_stand":1,"darkestsouls:beast_blood_clump":10,"minecraft:amethyst_block":36,"born_in_chaos_v1:black_argillite":17,"minecraft:raw_copper":280,"minecraft:string":27,"minecraft:waxed_cut_copper_slab":4,"minecraft:cooked_salmon":3,"minecraft:iron_leggings":5,"darkestsouls:rune_fragment":6,"minecraft:tnt_minecart":1,"minecraft:cobbled_deepslate":1929,"minecraft:bucket":6,"twilightforest:trollsteinn":2,"minecraft:spruce_planks":196,"minecraft:cobblestone_slab":15,"minecraft:written_book":1,"minecraft:calcite":22,"minecraft:iron_pickaxe":15,"born_in_chaos_v1:stimulating_decoction":2,"minecraft:mangrove_log":6,"minecraft:iron_boots":7,"minecraft:furnace":9,"minecraft:tipped_arrow":2,"minecraft:golden_helmet":3,"minecraft:stick":405,"ribbits:toadstool":1,"born_in_chaos_v1:shattered_skull":4,"minecraft:birch_trapdoor":2,"minecraft:big_dripleaf":2,"born_in_chaos_v1:phantom_powder":1,"minecraft:torch":205,"minecraft:spruce_stairs":9,"minecraft:porkchop":41,"epicfight:skillbook":3,"minecraft:snow_block":64,"minecraft:lightning_rod":2,"minecraft:cherry_log":2,"minecraft:honey_bottle":2,"minecraft:waxed_cut_copper_stairs":1,"minecraft:stone_sword":24,"minecraft:light_gray_bed":2,"minecraft:rotten_flesh":79,"minecraft:iron_block":1,"darkestsouls:titanite_fragment":9,"minecraft:waxed_cut_copper":1,"minecraft:snowball":59,"minecraft:cobblestone":5218,"minecraft:birch_log":37,"born_in_chaos_v1:staffof_magic_arrows":1,"minecraft:leather_chestplate":2,"epicfight:stone_spear":4,"minecraft:feather":98,"minecraft:cooked_beef":6,"twilightforest:twilight_oak_log":32,"born_in_chaos_v1:spiritual_dust":1,"minecraft:water_bucket":1,"minecraft:jungle_log":2,"twilightforest:twilight_oak_wood":14,"minecraft:brown_wool":1,"minecraft:potato":2,"minecraft:flint":13,"darkestsouls:cinnabar":87,"minecraft:tuff":72,"minecraft:mangrove_slab":2,"skilltree:gem":79,"minecraft:lapis_lazuli":137,"minecraft:dirt":2620,"minecraft:lantern":3,"born_in_chaos_v1:monster_skin":13,"born_in_chaos_v1:marigolds":1,"minecraft:bone":71,"ribbits:brown_toadstool":2,"minecraft:wheat_seeds":773,"minecraft:raw_gold":51,"minecraft:diamond_helmet":2,"minecraft:rabbit":1,"minecraft:mossy_stone_bricks":1,"minecraft:moss_block":28,"minecraft:stone_hoe":1,"minecraft:oak_planks":13,"ribbits:mossy_oak_planks_stairs":1,"minecraft:cooked_porkchop":4,"minecraft:sand":63,"minecraft:stripped_spruce_log":1,"minecraft:grass_block":2,"minecraft:dark_oak_log":1,"alexsmobs:animal_dictionary":2,"minecraft:mossy_cobblestone":1,"minecraft:spruce_fence_gate":3,"minecraft:sugar":12,"twilightforest:twilight_oak_sapling":6,"minecraft:diamond":8,"minecraft:soul_lantern":4,"minecraft:granite":20,"minecraft:bone_meal":6,"minecraft:golden_apple":2,"minecraft:emerald":17,"minecraft:bread":8,"born_in_chaos_v1:rotten_fish":2,"alexsmobs:maggot":5,"minecraft:oak_sapling":12,"minecraft:mud":8,"minecraft:charcoal":7,"minecraft:fishing_rod":2,"minecraft:spruce_leaves":352,"minecraft:crafting_table":10,"minecraft:coarse_dirt":3,"born_in_chaos_v1:diamond_termite_shard":4,"minecraft:ladder":1,"minecraft:nether_wart":2,"minecraft:chicken":101,"born_in_chaos_v1:smoked_monster_flesh":12,"minecraft:clay_ball":204,"minecraft:leather_leggings":3,"minecraft:wooden_pickaxe":6,"alexsmobs:froststalker_horn":1,"gravestone:obituary":4,"minecraft:shield":16,"ribbits:toadstool_stem":1,"minecraft:red_bed":2,"minecraft:moss_carpet":2,"minecraft:iron_axe":6,"minecraft:flint_and_steel":3,"born_in_chaos_v1:intoxicating_decoction":5,"minecraft:item_frame":7,"minecraft:white_carpet":39,"minecraft:cyan_carpet":7,"minecraft:blue_orchid":1,"minecraft:beef":44,"born_in_chaos_v1:gnawed_bones":2,"minecraft:player_head":2,"minecraft:lectern":1,"minecraft:spruce_slab":115,"minecraft:chest":3,"minecraft:birch_sapling":2,"minecraft:egg":346,"minecraft:raw_iron":191,"ribbits:giant_lilypad":6,"darkestsouls:soul_fragment":15,"minecraft:bowl":4,"minecraft:spruce_fence":8,"minecraft:cake":4,"minecraft:mangrove_trapdoor":2,"minecraft:cookie":2,"born_in_chaos_v1:pieceofdarkmetal":8,"minecraft:carrot":469,"minecraft:redstone":229,"minecraft:light_blue_bed":2,"twilightforest:firefly":3,"minecraft:dark_oak_planks":8,"minecraft:stone_shovel":3,"minecraft:arrow":43,"minecraft:cooked_cod":4,"minecraft:pumpkin_pie":9,"ribbits:swamp_lantern":1,"minecraft:gold_ingot":29,"minecraft:glow_berries":12,"minecraft:mutton":2,"minecraft:white_wool":3,"minecraft:stripped_oak_log":3,"born_in_chaos_v1:corpse_maggot":16,"born_in_chaos_v1:monster_flesh":26,"minecraft:leather":17,"minecraft:red_mushroom":2,"minecraft:mushroom_stew":11,"minecraft:crimson_fungus":1,"minecraft:oak_log":78,"minecraft:chainmail_chestplate":2,"minecraft:gunpowder":5,"minecraft:cobblestone_stairs":8,"skilltree:scholar_necklace":1,"minecraft:white_banner":1,"twilightforest:twilight_oak_planks":1,"twilightforest:liveroot":12,"twilightforest:raw_venison":7,"minecraft:mangrove_boat":5,"minecraft:red_carpet":2,"minecraft:apple":5,"born_in_chaos_v1:intoxicating_dagger":3,"minecraft:stone_bricks":12,"born_in_chaos_v1:smoked_flesh":25,"minecraft:iron_ingot":33,"minecraft:stone_pickaxe":32,"minecraft:cooked_chicken":39,"darkestsouls:blood_stone_fragment":6,"minecraft:glass_bottle":2,"minecraft:mangrove_planks":49,"minecraft:flowering_azalea":2,"minecraft:book":605,"minecraft:smooth_basalt":54,"minecraft:warped_fungus":3,"epicfight:stone_greatsword":6,"epicfight:iron_spear":2,"minecraft:stone_brick_slab":53,"born_in_chaos_v1:ethereal_spirit":2,"minecraft:gravel":45,"born_in_chaos_v1:dark_rod":1,"minecraft:amethyst_shard":4,"minecraft:spruce_sapling":91,"minecraft:blast_furnace":4,"born_in_chaos_v1:fangofthe_hound_leader":3,"minecraft:spruce_log":524,"minecraft:nether_brick_slab":2,"minecraft:spruce_door":8,"travelersbackpack:standard":1,"epicfight:diamond_tachi":10,"darkestsouls:siderite_fragment":16,"minecraft:slime_ball":18,"minecraft:stone_axe":4,"minecraft:iron_helmet":7,"darkestsouls:small_soul_fragment":6,"minecraft:damaged_anvil":3,"minecraft:coal":396,"darkestsouls:throwing_knife":12,"minecraft:ender_pearl":8}},"DataVersion":3465}