{"stats":{"minecraft:used":{"minecraft:beetroot":4,"minecraft:polished_granite_stairs":159,"minecraft:spruce_slab":1,"minecraft:ladder":23,"minecraft:chest":25,"minecraft:rotten_flesh":1,"born_in_chaos_v1:soul_cutlass":117,"born_in_chaos_v1:smoked_flesh":9,"minecraft:rabbit_stew":1,"minecraft:sweet_berries":5,"minecraft:furnace":20,"minecraft:egg":1,"minecraft:leather_leggings":1,"minecraft:spruce_door":6,"minecraft:leather_chestplate":2,"minecraft:wooden_pickaxe":37,"minecraft:glow_berries":10,"minecraft:blast_furnace":3,"born_in_chaos_v1:holiday_candy":2,"magistuarmory:copper_estoc":9,"minecraft:wooden_sword":11,"minecraft:smithing_table":4,"minecraft:birch_log":19,"minecraft:enchanting_table":2,"minecraft:iron_bars":1,"minecraft:stone_sword":23,"minecraft:mangrove_fence":2,"minecraft:torch":438,"minecraft:brewing_stand":1,"born_in_chaos_v1:scorched_planks_fence":9,"minecraft:polished_granite_slab":116,"minecraft:iron_axe":425,"epicfight:stone_greatsword":44,"minecraft:barrel":47,"minecraft:smooth_basalt":1,"minecraft:cobbled_deepslate":427,"minecraft:calcite":1,"minecraft:wheat_seeds":267,"minecraft:water_bucket":135,"minecraft:rabbit":1,"minecraft:birch_planks":5,"minecraft:cauldron":1,"minecraft:crafting_table":7,"minecraft:red_bed":6,"epicfight:stone_spear":295,"minecraft:oak_log":151,"minecraft:diamond_pickaxe":787,"minecraft:iron_pickaxe":2144,"minecraft:spruce_sapling":2,"minecraft:cobblestone":1518,"minecraft:potion":1,"minecraft:cooked_porkchop":2,"minecraft:iron_shovel":11,"minecraft:polished_deepslate":1207,"born_in_chaos_v1:intoxicating_decoction":1,"minecraft:carrot":528,"minecraft:tuff":2,"minecraft:polished_deepslate_stairs":9,"born_in_chaos_v1:corpse_maggot":7,"minecraft:lantern":2,"minecraft:light_blue_bed":1,"minecraft:red_carpet":1,"epicfight:skillbook":13,"minecraft:gray_carpet":9,"minecraft:stone_pickaxe":3548,"minecraft:mangrove_planks":5,"minecraft:diamond_axe":308,"minecraft:sugar_cane":24,"minecraft:mushroom_stew":4,"minecraft:bread":5,"magistuarmory:iron_ahlspiess":242,"minecraft:gravel":27,"minecraft:bone_meal":80,"minecraft:oak_fence":170,"minecraft:flint_and_steel":13,"minecraft:stone_shovel":1155,"minecraft:redstone":2,"born_in_chaos_v1:black_argillite":1,"minecraft:stone_hoe":265,"minecraft:cooked_chicken":1,"minecraft:oak_door":2,"minecraft:dirt":811,"farmersdelight:carrot_crate":2,"minecraft:spruce_stairs":3,"minecraft:cobblestone_wall":9,"minecraft:granite":113,"minecraft:bookshelf":16,"minecraft:iron_boots":2,"minecraft:golden_carrot":1,"minecraft:cooked_beef":10,"minecraft:powder_snow_bucket":1,"minecraft:light_gray_bed":6,"minecraft:cobblestone_stairs":34,"minecraft:stonecutter":2,"minecraft:green_bed":1,"minecraft:cobblestone_slab":15,"minecraft:smoker":3,"minecraft:flower_pot":1,"minecraft:apple":3,"minecraft:stone_axe":533,"jet_and_elias_armors:the_dames_armor_leggings":1,"minecraft:cobbled_deepslate_slab":2,"minecraft:white_banner":1,"minecraft:bucket":136,"minecraft:splash_potion":1},"minecraft:picked_up":{"minecraft:iron_chestplate":3,"minecraft:chainmail_boots":1,"minecraft:flower_pot":1,"minecraft:smithing_table":3,"minecraft:brewing_stand":1,"minecraft:amethyst_block":25,"darkestsouls:beast_blood_clump":24,"minecraft:polished_deepslate":393,"minecraft:string":29,"minecraft:red_nether_bricks":4,"minecraft:beetroot":3,"minecraft:cobbled_deepslate":1481,"minecraft:spruce_planks":267,"minecraft:mangrove_log":475,"born_in_chaos_v1:shattered_skull":2,"minecraft:big_dripleaf":1,"minecraft:green_bed":2,"born_in_chaos_v1:pileof_dark_metal":1,"minecraft:cherry_log":2,"born_in_chaos_v1:black_argillite_brick_stairs":2,"minecraft:cauldron":7,"minecraft:stone_sword":10,"minecraft:light_gray_bed":6,"minecraft:iron_bars":1,"minecraft:snowball":751,"minecraft:birch_log":174,"born_in_chaos_v1:staffof_magic_arrows":3,"minecraft:magma_block":35,"minecraft:feather":4,"minecraft:cooked_beef":7,"born_in_chaos_v1:spiritual_dust":13,"minecraft:water_bucket":2,"minecraft:jungle_log":1,"minecraft:smoker":2,"minecraft:flint":6,"darkestsouls:cinnabar":141,"born_in_chaos_v1:black_argillite_button":1,"farmersdelight:carrot_crate":1,"minecraft:lantern":3,"born_in_chaos_v1:marigolds":2,"minecraft:stonecutter":1,"minecraft:rabbit":4,"minecraft:moss_block":14,"minecraft:dark_oak_log":2,"minecraft:barrel":19,"skilltree:traveler_necklace":1,"minecraft:polished_andesite":1,"minecraft:polished_granite_slab":12,"minecraft:granite":577,"minecraft:bread":2,"magistuarmory:iron_ahlspiess":2,"minecraft:rooted_dirt":9,"minecraft:light_gray_carpet":3,"minecraft:diamond_pickaxe":1,"minecraft:crafting_table":10,"born_in_chaos_v1:smoked_monster_flesh":1,"minecraft:clay_ball":276,"born_in_chaos_v1:seedof_chaos":11,"minecraft:leather_leggings":4,"gravestone:obituary":2,"ribbits:toadstool_stem":1,"minecraft:red_bed":6,"minecraft:flint_and_steel":1,"minecraft:white_carpet":6,"born_in_chaos_v1:black_argillite_brick":4,"minecraft:cracked_stone_bricks":7,"minecraft:beef":32,"born_in_chaos_v1:gnawed_bones":1,"minecraft:iron_nugget":5,"minecraft:poppy":21,"minecraft:spruce_slab":7,"minecraft:chest":12,"minecraft:birch_sapling":23,"minecraft:egg":1,"darkestsouls:soul_fragment":13,"minecraft:oak_door":2,"minecraft:cake":2,"born_in_chaos_v1:pieceofdarkmetal":19,"minecraft:carrot":1377,"minecraft:redstone":121,"minecraft:polished_granite_stairs":16,"minecraft:stone_shovel":12,"minecraft:gold_ingot":17,"minecraft:glow_berries":7,"minecraft:white_wool":3,"minecraft:stripped_oak_log":7,"born_in_chaos_v1:monster_flesh":21,"born_in_chaos_v1:pumpkin_staff":1,"minecraft:oak_log":477,"darkestsouls:firebomb":2,"skilltree:scholar_necklace":1,"minecraft:white_banner":1,"born_in_chaos_v1:soul_cutlass":1,"minecraft:apple":15,"minecraft:stone_bricks":51,"alexsmobs:cockroach_wing_fragment":2,"minecraft:spore_blossom":1,"born_in_chaos_v1:smoked_flesh":1,"minecraft:stone_pickaxe":20,"darkestsouls:blood_stone_fragment":8,"minecraft:glass_bottle":2,"minecraft:mangrove_planks":25,"minecraft:flowering_azalea":5,"minecraft:smooth_basalt":161,"epicfight:stone_greatsword":12,"minecraft:sweet_berries":24,"epicfight:iron_spear":2,"born_in_chaos_v1:orbofthe_summoner":1,"born_in_chaos_v1:ethereal_spirit":2,"minecraft:gravel":64,"minecraft:spruce_sapling":2,"born_in_chaos_v1:fangofthe_hound_leader":3,"minecraft:spruce_log":9,"minecraft:slime_ball":2,"born_in_chaos_v1:black_argillite_brick_slab":6,"minecraft:stone_axe":12,"minecraft:diamond_axe":1,"minecraft:ender_pearl":8,"minecraft:wheat":152,"minecraft:potion":1,"born_in_chaos_v1:holiday_candy":25,"born_in_chaos_v1:black_argillite":13,"minecraft:raw_copper":661,"minecraft:armor_stand":2,"darkestsouls:rune_fragment":5,"minecraft:bucket":5,"minecraft:cobblestone_slab":26,"minecraft:calcite":46,"minecraft:iron_pickaxe":14,"born_in_chaos_v1:stimulating_decoction":1,"minecraft:smooth_quartz_stairs":1,"minecraft:iron_boots":7,"minecraft:furnace":19,"minecraft:tipped_arrow":2,"minecraft:stick":157,"minecraft:oak_fence":43,"minecraft:polished_deepslate_stairs":1,"minecraft:torch":321,"minecraft:spruce_stairs":3,"epicfight:skillbook":7,"minecraft:snow_block":54,"minecraft:cactus":1,"minecraft:rotten_flesh":89,"darkestsouls:titanite_fragment":4,"minecraft:obsidian":8,"minecraft:cobblestone":3842,"minecraft:enchanting_table":1,"epicfight:stone_spear":9,"minecraft:leather_chestplate":3,"ribbits:mossy_oak_planks":9,"minecraft:golden_leggings":1,"minecraft:potato":2,"minecraft:tuff":127,"minecraft:lapis_lazuli":138,"skilltree:gem":56,"minecraft:dirt":1132,"born_in_chaos_v1:monster_skin":14,"minecraft:mangrove_fence":25,"minecraft:bone":85,"minecraft:bow":1,"minecraft:wheat_seeds":519,"minecraft:raw_gold":4,"minecraft:cobbled_deepslate_slab":2,"magistuarmory:copper_estoc":1,"minecraft:mossy_stone_bricks":25,"minecraft:stone_hoe":1,"minecraft:oak_planks":11,"darkestsouls:bone_fragment":1,"minecraft:cooked_porkchop":6,"minecraft:grass_block":1,"minecraft:diamond":13,"born_in_chaos_v1:scorched_planks_fence":30,"minecraft:bone_meal":20,"minecraft:emerald":4,"minecraft:oak_sapling":104,"minecraft:netherrack":25,"minecraft:fishing_rod":1,"minecraft:charcoal":107,"born_in_chaos_v1:diamond_termite_shard":4,"minecraft:allium":3,"minecraft:azure_bluet":1,"minecraft:chicken":3,"minecraft:ladder":20,"minecraft:rabbit_stew":1,"minecraft:wooden_pickaxe":2,"minecraft:chain":1,"minecraft:brick":40,"minecraft:shield":14,"minecraft:moss_carpet":9,"minecraft:iron_axe":5,"minecraft:item_frame":1,"minecraft:candle":16,"minecraft:lectern":1,"minecraft:sugar_cane":43,"minecraft:raw_iron":147,"minecraft:copper_ingot":32,"minecraft:bowl":1,"minecraft:light_blue_bed":1,"minecraft:dark_oak_planks":2,"minecraft:arrow":36,"minecraft:skeleton_skull":1,"born_in_chaos_v1:fused_bone":4,"born_in_chaos_v1:corpse_maggot":24,"minecraft:golden_carrot":1,"minecraft:salmon":7,"minecraft:leather":14,"minecraft:birch_planks":53,"minecraft:mushroom_stew":1,"minecraft:gunpowder":2,"minecraft:cobblestone_wall":3,"minecraft:cobblestone_stairs":39,"minecraft:red_carpet":6,"born_in_chaos_v1:intoxicating_dagger":3,"minecraft:gray_carpet":9,"minecraft:rabbit_hide":3,"minecraft:iron_ingot":30,"born_in_chaos_v1:chipped_black_argillite_brick":4,"minecraft:cooked_chicken":14,"minecraft:book":419,"minecraft:chiseled_stone_bricks":7,"born_in_chaos_v1:lifestealer_bone":8,"minecraft:dandelion":11,"minecraft:amethyst_shard":8,"minecraft:blast_furnace":2,"minecraft:nether_brick_slab":1,"minecraft:green_carpet":2,"minecraft:spider_eye":5,"minecraft:spruce_door":8,"epicfight:diamond_tachi":1,"minecraft:pumpkin_seeds":20,"darkestsouls:siderite_fragment":24,"minecraft:iron_helmet":4,"darkestsouls:small_soul_fragment":19,"minecraft:coal":278,"darkestsouls:throwing_knife":3},"minecraft:dropped":{"minecraft:glass_bottle":3,"minecraft:item_frame":1,"minecraft:emerald":9,"minecraft:dirt":155,"minecraft:sugar":3,"minecraft:iron_pickaxe":5,"minecraft:dark_oak_planks":2,"minecraft:cooked_chicken":1,"minecraft:cobbled_deepslate":170,"minecraft:birch_sapling":3,"minecraft:wheat":1,"ribbits:toadstool_stem":1,"minecraft:salmon":7,"minecraft:leather_leggings":2,"minecraft:red_nether_bricks":4,"magistuarmory:copper_estoc":1,"minecraft:iron_ingot":6,"minecraft:smooth_quartz_stairs":1,"minecraft:iron_helmet":2,"minecraft:cobblestone":1,"magistuarmory:iron_ahlspiess":2,"minecraft:book":128,"epicfight:stone_spear":3,"minecraft:golden_carrot":1,"skilltree:gem":1,"minecraft:string":3,"minecraft:gray_carpet":1,"minecraft:moss_carpet":1,"minecraft:stone_sword":1,"minecraft:bowl":4,"minecraft:green_bed":1,"minecraft:stone_shovel":3,"epicfight:diamond_tachi":1,"minecraft:iron_boots":1,"minecraft:diamond_pickaxe":1,"minecraft:spider_eye":1,"minecraft:bow":1,"epicfight:skillbook":2,"minecraft:diamond_axe":1,"minecraft:ender_pearl":1,"minecraft:lantern":1,"minecraft:leather":1,"minecraft:cobblestone_stairs":3,"minecraft:snowball":32,"gravestone:obituary":4,"minecraft:gold_ingot":20,"minecraft:armor_stand":1,"born_in_chaos_v1:ethereal_spirit":1,"minecraft:carrot":92,"minecraft:skeleton_skull":1,"minecraft:chainmail_boots":1,"minecraft:arrow":8,"minecraft:stick":2,"minecraft:torch":4,"epicfight:stone_greatsword":4,"minecraft:iron_axe":1,"minecraft:bucket":1,"minecraft:polished_deepslate":2,"ribbits:mossy_oak_planks":1,"born_in_chaos_v1:black_argillite_button":1,"born_in_chaos_v1:smoked_monster_flesh":1,"minecraft:iron_chestplate":1,"minecraft:cake":1,"born_in_chaos_v1:intoxicating_dagger":2,"minecraft:stone_pickaxe":6,"minecraft:wooden_pickaxe":2},"minecraft:killed_by":{"alexsmobs:froststalker":1,"born_in_chaos_v1:nightmare_stalker":2,"alexsmobs:snow_leopard":3,"minecraft:husk":1,"born_in_chaos_v1:zombie_lumberjack":1,"darkestsouls:ashen_blood_beast_patient":1,"darkestsouls:hollow_axe":1,"born_in_chaos_v1:bonescaller":1,"darkestsouls:beast_patient":3,"cave_dweller:cave_dweller":4,"darkestsouls:cloaked_beast_patient":7,"born_in_chaos_v1:bone_imp_minion":2,"darkestsouls:skeleton_spear":1,"darkestsouls:leech":1,"darkestsouls:skeleton_falchion":1,"darkestsouls:church_doctor":2,"minecraft:player":4,"darkestsouls:hollow_broken_straightsword":1,"darkestsouls:skeleton_swordsman_twin_shotels":1,"minecraft:enderman":2,"darkestsouls:sewer_centipede":1,"minecraft:skeleton":4,"born_in_chaos_v1:corpse_fish":1,"darkestsouls:church_doctor_lantern":1,"darkestsouls:hollow_longsword":1,"born_in_chaos_v1:door_knight":1},"minecraft:crafted":{"minecraft:smooth_stone":10,"minecraft:birch_slab":108,"minecraft:bookshelf":16,"born_in_chaos_v1:nightmare_mantleofthe_night_chestplate":1,"born_in_chaos_v1:soul_cutlass":1,"skilltree:scholar_necklace":1,"minecraft:smithing_table":1,"minecraft:copper_ingot":40,"born_in_chaos_v1:smoked_flesh":39,"minecraft:iron_pickaxe":7,"minecraft:gold_ingot":4,"jet_and_elias_armors:the_dames_armor_leggings":1,"minecraft:stone_shovel":9,"minecraft:polished_deepslate_stairs":10,"minecraft:bone_meal":72,"farmersdelight:carrot_crate":1,"minecraft:ladder":27,"jet_and_elias_armors:the_dames_armor_helmet":1,"minecraft:stone_pickaxe":27,"magistuarmory:copper_shortsword":1,"minecraft:spruce_boat":1,"magistuarmory:iron_ahlspiess":1,"minecraft:dark_oak_planks":8,"epicfight:stone_spear":3,"minecraft:enchanting_table":1,"minecraft:polished_granite":256,"minecraft:bone":12,"minecraft:iron_shovel":1,"minecraft:brick":20,"jet_and_elias_armors:the_dames_armor_chestplate":1,"minecraft:oak_planks":440,"minecraft:cobblestone_slab":18,"minecraft:barrel":29,"minecraft:cobblestone_stairs":4,"minecraft:stone":13,"minecraft:heavy_weighted_pressure_plate":9,"born_in_chaos_v1:dark_metal_ingot":2,"minecraft:iron_boots":1,"minecraft:chest":19,"magistuarmory:pole":1,"minecraft:stone_hoe":5,"minecraft:oak_fence":144,"born_in_chaos_v1:pileof_dark_metal":1,"minecraft:smoker":1,"minecraft:crafting_table":2,"minecraft:spruce_planks":104,"minecraft:wooden_pickaxe":1,"minecraft:birch_planks":404,"minecraft:book":1,"minecraft:paper":3,"minecraft:charcoal":78,"minecraft:diamond_pickaxe":1,"minecraft:stick":492,"minecraft:iron_ingot":100,"minecraft:stone_sword":5,"minecraft:snow_block":184,"magistuarmory:leather_strip":12,"minecraft:cobbled_deepslate_slab":6,"minecraft:oak_door":6,"minecraft:wooden_sword":1,"born_in_chaos_v1:nightmare_mantleofthe_night_boots":1,"minecraft:furnace":9,"minecraft:blast_furnace":1,"minecraft:flint_and_steel":1,"magistuarmory:hilt":3,"minecraft:polished_deepslate":60,"minecraft:iron_axe":2,"minecraft:polished_granite_stairs":168,"minecraft:cobblestone_wall":6,"minecraft:cooked_beef":10,"minecraft:sugar":3,"minecraft:mangrove_planks":40,"minecraft:bucket":1,"minecraft:stone_axe":7,"magistuarmory:copper_estoc":1,"born_in_chaos_v1:scorched_planks":8,"minecraft:bread":3,"minecraft:air":0,"minecraft:oak_boat":1,"minecraft:gold_nugget":9,"minecraft:stonecutter":1,"minecraft:torch":264},"minecraft:mined":{"minecraft:dark_oak_planks":1,"minecraft:polished_granite_slab":10,"minecraft:red_nether_bricks":4,"minecraft:obsidian":8,"minecraft:granite":582,"born_in_chaos_v1:dark_metal_deposit":3,"minecraft:light_gray_bed":7,"darkestsouls:deepslate_siderite_ore":10,"minecraft:chiseled_stone_bricks":7,"minecraft:spawner":6,"minecraft:magma_block":35,"minecraft:fire":1,"minecraft:barrel":19,"minecraft:cobbled_deepslate":235,"minecraft:moss_carpet":2,"minecraft:deepslate_lapis_ore":10,"minecraft:enchanting_table":1,"minecraft:cave_vines":10,"minecraft:water_cauldron":1,"minecraft:small_amethyst_bud":1,"minecraft:green_carpet":2,"minecraft:red_bed":6,"minecraft:smoker":2,"minecraft:crimson_nylium":6,"minecraft:amethyst_cluster":2,"minecraft:powder_snow":16,"minecraft:torch":46,"minecraft:blast_furnace":2,"minecraft:nether_brick_slab":1,"minecraft:sugar_cane":22,"minecraft:amethyst_block":32,"minecraft:chain":1,"ribbits:toadstool_stem":1,"minecraft:wheat":180,"born_in_chaos_v1:black_argillite_brick":4,"minecraft:grass":169,"minecraft:infested_mossy_stone_bricks":1,"minecraft:mangrove_log":84,"minecraft:smooth_basalt":68,"born_in_chaos_v1:infernal_evil_pumpkin_s":1,"darkestsouls:deepslate_cinnabar_ore":2,"minecraft:stonecutter":1,"minecraft:deepslate":971,"minecraft:cobbled_deepslate_slab":2,"minecraft:allium":1,"born_in_chaos_v1:black_argillite":13,"minecraft:moss_block":11,"minecraft:snow":5,"minecraft:vine":7,"minecraft:cobblestone_slab":9,"minecraft:smooth_quartz_stairs":1,"minecraft:smithing_table":3,"minecraft:light_gray_carpet":2,"minecraft:glass_pane":2,"minecraft:dandelion":7,"minecraft:copper_ore":97,"minecraft:tall_grass":1,"minecraft:big_dripleaf":1,"minecraft:light_blue_bed":1,"minecraft:cobblestone_wall":3,"minecraft:white_carpet":5,"minecraft:spruce_log":7,"minecraft:birch_leaves":5,"ribbits:brown_toadstool":1,"minecraft:gravel":59,"minecraft:cobweb":3,"minecraft:stone_bricks":47,"minecraft:gold_ore":4,"minecraft:fern":1,"minecraft:infested_stone":1,"darkestsouls:siderite_ore":9,"minecraft:spruce_planks":1,"minecraft:farmland":58,"minecraft:cobblestone_stairs":33,"minecraft:potted_cactus":1,"minecraft:brewing_stand":1,"ribbits:mossy_oak_planks":9,"minecraft:spruce_trapdoor":1,"minecraft:cave_vines_plant":5,"minecraft:budding_amethyst":3,"minecraft:grass_block":769,"minecraft:mangrove_fence":26,"minecraft:iron_ore":67,"born_in_chaos_v1:black_argillite_brick_slab":3,"born_in_chaos_v1:black_argillite_brick_stairs":2,"minecraft:iron_bars":1,"minecraft:polished_granite_stairs":16,"minecraft:spruce_slab":5,"minecraft:green_bed":2,"minecraft:deepslate_redstone_ore":26,"minecraft:polished_deepslate_stairs":1,"minecraft:medium_amethyst_bud":1,"minecraft:clay":66,"minecraft:calcite":52,"minecraft:poppy":20,"minecraft:chest":9,"minecraft:cobblestone":390,"minecraft:oak_planks":8,"minecraft:wall_torch":97,"minecraft:cauldron":1,"minecraft:deepslate_copper_ore":18,"minecraft:birch_log":176,"minecraft:oak_log":474,"minecraft:dirt":91,"minecraft:netherrack":19,"minecraft:oak_leaves":23,"minecraft:red_carpet":8,"minecraft:tuff":115,"minecraft:dark_oak_leaves":3,"minecraft:deepslate_diamond_ore":13,"minecraft:candle":8,"minecraft:oak_door":2,"born_in_chaos_v1:infected_diamond_ore":2,"gravestone:gravestone":16,"minecraft:ladder":17,"minecraft:spruce_leaves":34,"minecraft:rooted_dirt":9,"minecraft:large_fern":2,"minecraft:furnace":15,"minecraft:carrots":238,"minecraft:polished_deepslate":392,"minecraft:bookshelf":146,"minecraft:deepslate_iron_ore":65,"minecraft:lantern":5,"minecraft:stripped_oak_log":6,"minecraft:packed_ice":1,"minecraft:stone":2676,"born_in_chaos_v1:marigolds":2,"minecraft:infested_stone_bricks":1,"minecraft:snow_block":175,"born_in_chaos_v1:scorched_planks_fence":30,"minecraft:spruce_door":6,"minecraft:oak_fence":43,"minecraft:crafting_table":7,"minecraft:sculk_sensor":1,"minecraft:lectern":1,"farmersdelight:carrot_crate":1,"minecraft:deepslate_coal_ore":21,"born_in_chaos_v1:chipped_black_argillite_brick":4,"minecraft:lapis_ore":4,"minecraft:spruce_stairs":3,"minecraft:birch_planks":5,"minecraft:sweet_berry_bush":10,"minecraft:ice":4,"minecraft:mangrove_planks":5,"minecraft:white_wall_banner":1,"minecraft:coal_ore":126,"darkestsouls:cinnabar_ore":54,"minecraft:gray_carpet":6,"minecraft:cracked_stone_bricks":5,"minecraft:small_dripleaf":1,"minecraft:polished_andesite":1,"minecraft:mossy_stone_bricks":12},"minecraft:killed":{"darkestsouls:gravetender_hollow_longsword":4,"minecraft:cave_spider":6,"born_in_chaos_v1:mr_pumpkin":4,"born_in_chaos_v1:zombie_lumberjack":2,"born_in_chaos_v1:restless_spirit":2,"born_in_chaos_v1:skeleton_demoman":1,"darkestsouls:ashen_blood_beast_patient":2,"born_in_chaos_v1:sir_the_headless":1,"born_in_chaos_v1:siamese_skeletonsright":1,"born_in_chaos_v1:baby_skeleton_minion":2,"minecraft:skeleton":23,"born_in_chaos_v1:skeleton_thrasher":2,"born_in_chaos_v1:supreme_bonescaller_stage_2":1,"darkestsouls:gravetender_hollow_broken_straightsword":2,"darkestsouls:skeleton_spear":2,"minecraft:zombie":28,"born_in_chaos_v1:corpse_fly":10,"minecraft:cow":17,"darkestsouls:church_doctor":2,"born_in_chaos_v1:pumpkinhead":1,"born_in_chaos_v1:dire_hound_leader":2,"darkestsouls:hollow_broken_straightsword":5,"minecraft:husk":5,"born_in_chaos_v1:bone_imp_minion":5,"minecraft:frog":4,"born_in_chaos_v1:decrepit_skeleton":9,"born_in_chaos_v1:dark_vortex":1,"minecraft:enderman":2,"born_in_chaos_v1:lifestealer_true_form":2,"born_in_chaos_v1:zombie_clown":1,"darkestsouls:skeleton_curved_swords":1,"minecraft:spider":6,"darkestsouls:leech":1,"darkestsouls:sewer_centipede":2,"darkestsouls:church_doctor_pistol":1,"minecraft:silverfish":2,"darkestsouls:beast_patient":17,"darkestsouls:church_doctor_lantern":3,"darkestsouls:hollow_assassin":10,"darkestsouls:hollow_longsword":2,"born_in_chaos_v1:bonescaller":1,"born_in_chaos_v1:diamond_termite":3,"minecraft:zombie_villager":2,"born_in_chaos_v1:dread_hound":13,"minecraft:stray":3,"alexsmobs:fly":1,"born_in_chaos_v1:siamese_skeletonsleft":1,"darkestsouls:hollow_axe":3,"minecraft:vex":3,"born_in_chaos_v1:zombie_bruiser":4,"born_in_chaos_v1:maggot":15,"darkestsouls:skeleton_falchion":2,"darkestsouls:church_doctor_crucifix":2,"born_in_chaos_v1:fallen_chaos_knight":1,"born_in_chaos_v1:felsteed":1,"born_in_chaos_v1:baby_skeleton":2,"born_in_chaos_v1:swarmer":1,"minecraft:bat":1,"alexsmobs:cockroach":4,"born_in_chaos_v1:bonescaller_not_despawn":1,"darkestsouls:cloaked_beast_patient":13,"alexsmobs:crow":4},"minecraft:broken":{"minecraft:iron_boots":1,"minecraft:stone_hoe":1,"minecraft:iron_axe":1,"minecraft:iron_pickaxe":6,"minecraft:stone_pickaxe":22,"minecraft:stone_axe":2,"minecraft:stone_shovel":5,"minecraft:leather_chestplate":1},"minecraft:custom":{"minecraft:interact_with_crafting_table":183,"minecraft:open_barrel":255,"minecraft:eat_cake_slice":2,"minecraft:leave_game":8,"minecraft:time_since_death":141462,"minecraft:play_time":1446816,"minecraft:deaths":57,"minecraft:jump":17808,"minecraft:enchant_item":5,"minecraft:interact_with_furnace":143,"minecraft:sleep_in_bed":54,"minecraft:damage_dealt":27616,"minecraft:interact_with_smoker":27,"minecraft:interact_with_smithing_table":7,"minecraft:damage_dealt_absorbed":328,"minecraft:sneak_time":12145,"minecraft:interact_with_blast_furnace":32,"minecraft:total_world_time":1446816,"minecraft:interact_with_stonecutter":13,"minecraft:time_since_rest":39694,"minecraft:swim_one_cm":67917,"minecraft:fly_one_cm":6073648,"minecraft:open_chest":987,"minecraft:fall_one_cm":294130,"minecraft:animals_bred":38,"minecraft:damage_resisted":47,"minecraft:sprint_one_cm":3948665,"minecraft:drop":144,"minecraft:talked_to_villager":1,"minecraft:interact_with_brewingstand":6,"minecraft:walk_on_water_one_cm":133063,"minecraft:crouch_one_cm":44524,"minecraft:mob_kills":281,"minecraft:damage_dealt_resisted":7638,"minecraft:climb_one_cm":192711,"minecraft:walk_one_cm":7246144,"minecraft:walk_under_water_one_cm":94642,"minecraft:pot_flower":1,"minecraft:damage_taken":13054}},"DataVersion":3465}