{"stats":{"minecraft:used":{"minecraft:beetroot":4,"minecraft:polished_granite_stairs":159,"minecraft:polished_deepslate":1205,"minecraft:spruce_slab":1,"minecraft:ladder":23,"born_in_chaos_v1:intoxicating_decoction":1,"minecraft:chest":25,"minecraft:rotten_flesh":1,"minecraft:carrot":518,"born_in_chaos_v1:soul_cutlass":109,"minecraft:tuff":2,"minecraft:polished_deepslate_stairs":9,"born_in_chaos_v1:corpse_maggot":5,"born_in_chaos_v1:smoked_flesh":7,"minecraft:lantern":2,"minecraft:light_blue_bed":1,"minecraft:red_carpet":1,"minecraft:rabbit_stew":1,"minecraft:furnace":20,"minecraft:egg":1,"epicfight:skillbook":7,"minecraft:leather_leggings":1,"minecraft:spruce_door":6,"minecraft:stone_pickaxe":3548,"minecraft:mangrove_planks":5,"minecraft:gray_carpet":9,"minecraft:leather_chestplate":2,"minecraft:wooden_pickaxe":37,"minecraft:sugar_cane":15,"minecraft:glow_berries":10,"minecraft:mushroom_stew":2,"minecraft:blast_furnace":3,"born_in_chaos_v1:holiday_candy":2,"magistuarmory:copper_estoc":9,"minecraft:bread":5,"magistuarmory:iron_ahlspiess":184,"minecraft:gravel":1,"minecraft:wooden_sword":11,"minecraft:smithing_table":4,"minecraft:birch_log":11,"minecraft:bone_meal":80,"minecraft:iron_bars":1,"minecraft:oak_fence":168,"minecraft:enchanting_table":2,"minecraft:stone_sword":23,"minecraft:stone_shovel":1155,"minecraft:redstone":2,"born_in_chaos_v1:black_argillite":1,"minecraft:mangrove_fence":2,"minecraft:stone_hoe":265,"minecraft:oak_door":2,"minecraft:torch":424,"minecraft:brewing_stand":1,"minecraft:dirt":811,"born_in_chaos_v1:scorched_planks_fence":9,"farmersdelight:carrot_crate":2,"minecraft:spruce_stairs":3,"minecraft:cobblestone_wall":9,"minecraft:polished_granite_slab":116,"minecraft:granite":113,"minecraft:iron_axe":425,"minecraft:iron_boots":2,"epicfight:stone_greatsword":44,"minecraft:barrel":47,"minecraft:smooth_basalt":1,"minecraft:golden_carrot":1,"minecraft:cooked_beef":8,"minecraft:cobbled_deepslate":427,"minecraft:powder_snow_bucket":1,"minecraft:light_gray_bed":6,"minecraft:calcite":1,"minecraft:wheat_seeds":267,"minecraft:water_bucket":135,"minecraft:cobblestone_stairs":34,"minecraft:rabbit":1,"minecraft:birch_planks":5,"minecraft:cauldron":1,"minecraft:stonecutter":2,"minecraft:green_bed":1,"minecraft:cobblestone_slab":15,"minecraft:crafting_table":7,"minecraft:red_bed":6,"minecraft:smoker":3,"epicfight:stone_spear":295,"minecraft:oak_log":143,"minecraft:flower_pot":1,"minecraft:diamond_pickaxe":710,"minecraft:apple":3,"minecraft:iron_pickaxe":2120,"minecraft:spruce_sapling":2,"minecraft:stone_axe":533,"jet_and_elias_armors:the_dames_armor_leggings":1,"minecraft:cobblestone":1506,"minecraft:cobbled_deepslate_slab":2,"minecraft:cooked_porkchop":2,"minecraft:bucket":136,"minecraft:splash_potion":1},"minecraft:dropped":{"minecraft:glass_bottle":1,"minecraft:leather":1,"minecraft:cobblestone_stairs":3,"minecraft:dirt":153,"minecraft:snowball":32,"gravestone:obituary":3,"minecraft:sugar":3,"minecraft:iron_pickaxe":5,"minecraft:gold_ingot":2,"minecraft:cooked_chicken":1,"minecraft:cobbled_deepslate":170,"minecraft:wheat":1,"minecraft:birch_sapling":3,"born_in_chaos_v1:ethereal_spirit":1,"ribbits:toadstool_stem":1,"minecraft:salmon":7,"minecraft:carrot":92,"magistuarmory:copper_estoc":1,"minecraft:arrow":8,"minecraft:iron_ingot":6,"magistuarmory:iron_ahlspiess":2,"minecraft:cobblestone":1,"minecraft:iron_helmet":2,"epicfight:stone_spear":3,"minecraft:stick":1,"minecraft:golden_carrot":1,"minecraft:torch":4,"skilltree:gem":1,"epicfight:stone_greatsword":4,"minecraft:iron_axe":1,"minecraft:string":3,"minecraft:bucket":1,"minecraft:gray_carpet":1,"minecraft:polished_deepslate":2,"minecraft:moss_carpet":1,"ribbits:mossy_oak_planks":1,"minecraft:stone_sword":1,"minecraft:bowl":1,"minecraft:green_bed":1,"minecraft:stone_shovel":3,"epicfight:diamond_tachi":1,"born_in_chaos_v1:black_argillite_button":1,"born_in_chaos_v1:smoked_monster_flesh":1,"minecraft:iron_boots":1,"minecraft:iron_chestplate":1,"born_in_chaos_v1:intoxicating_dagger":2,"minecraft:wooden_pickaxe":2,"minecraft:stone_pickaxe":6,"epicfight:skillbook":1},"minecraft:crafted":{"minecraft:brick":20,"jet_and_elias_armors:the_dames_armor_chestplate":1,"minecraft:smooth_stone":10,"minecraft:oak_planks":344,"minecraft:cobblestone_slab":18,"minecraft:barrel":29,"minecraft:birch_slab":108,"minecraft:stone":13,"minecraft:cobblestone_stairs":4,"minecraft:heavy_weighted_pressure_plate":9,"born_in_chaos_v1:dark_metal_ingot":2,"born_in_chaos_v1:nightmare_mantleofthe_night_chestplate":1,"minecraft:iron_boots":1,"minecraft:chest":19,"magistuarmory:pole":1,"minecraft:stone_hoe":5,"born_in_chaos_v1:soul_cutlass":1,"minecraft:oak_fence":144,"born_in_chaos_v1:pileof_dark_metal":1,"minecraft:smoker":1,"minecraft:crafting_table":2,"minecraft:spruce_planks":104,"minecraft:wooden_pickaxe":1,"skilltree:scholar_necklace":1,"minecraft:smithing_table":1,"minecraft:copper_ingot":40,"minecraft:birch_planks":404,"minecraft:book":1,"minecraft:paper":3,"minecraft:diamond_pickaxe":1,"minecraft:charcoal":78,"minecraft:stick":492,"born_in_chaos_v1:smoked_flesh":39,"minecraft:iron_ingot":100,"minecraft:iron_pickaxe":7,"minecraft:stone_sword":5,"minecraft:snow_block":184,"minecraft:gold_ingot":4,"jet_and_elias_armors:the_dames_armor_leggings":1,"magistuarmory:leather_strip":12,"minecraft:wooden_sword":1,"minecraft:oak_door":6,"minecraft:cobbled_deepslate_slab":6,"minecraft:stone_shovel":9,"minecraft:polished_deepslate_stairs":10,"born_in_chaos_v1:nightmare_mantleofthe_night_boots":1,"minecraft:furnace":9,"minecraft:blast_furnace":1,"minecraft:bone_meal":72,"magistuarmory:hilt":3,"minecraft:polished_deepslate":60,"farmersdelight:carrot_crate":1,"minecraft:iron_axe":2,"minecraft:polished_granite_stairs":168,"minecraft:ladder":27,"jet_and_elias_armors:the_dames_armor_helmet":1,"minecraft:stone_pickaxe":27,"minecraft:cobblestone_wall":6,"magistuarmory:copper_shortsword":1,"minecraft:spruce_boat":1,"magistuarmory:iron_ahlspiess":1,"minecraft:dark_oak_planks":8,"minecraft:cooked_beef":10,"minecraft:sugar":3,"epicfight:stone_spear":3,"minecraft:enchanting_table":1,"minecraft:polished_granite":256,"minecraft:mangrove_planks":40,"minecraft:bucket":1,"minecraft:bone":12,"minecraft:stone_axe":7,"magistuarmory:copper_estoc":1,"born_in_chaos_v1:scorched_planks":8,"minecraft:bread":3,"minecraft:air":0,"minecraft:oak_boat":1,"minecraft:gold_nugget":9,"minecraft:stonecutter":1,"minecraft:torch":264},"minecraft:killed":{"born_in_chaos_v1:lifestealer_true_form":2,"darkestsouls:gravetender_hollow_longsword":3,"born_in_chaos_v1:zombie_clown":1,"born_in_chaos_v1:mr_pumpkin":4,"born_in_chaos_v1:restless_spirit":2,"born_in_chaos_v1:zombie_lumberjack":2,"darkestsouls:skeleton_curved_swords":1,"born_in_chaos_v1:skeleton_demoman":1,"darkestsouls:ashen_blood_beast_patient":1,"born_in_chaos_v1:sir_the_headless":1,"minecraft:spider":6,"darkestsouls:leech":1,"born_in_chaos_v1:siamese_skeletonsright":1,"darkestsouls:sewer_centipede":2,"minecraft:skeleton":22,"darkestsouls:church_doctor_pistol":1,"born_in_chaos_v1:skeleton_thrasher":2,"minecraft:silverfish":2,"darkestsouls:beast_patient":15,"darkestsouls:church_doctor_lantern":3,"born_in_chaos_v1:supreme_bonescaller_stage_2":1,"darkestsouls:hollow_longsword":2,"darkestsouls:hollow_assassin":9,"born_in_chaos_v1:bonescaller":1,"minecraft:zombie_villager":2,"born_in_chaos_v1:diamond_termite":3,"darkestsouls:gravetender_hollow_broken_straightsword":2,"darkestsouls:skeleton_spear":2,"minecraft:zombie":24,"born_in_chaos_v1:dread_hound":13,"born_in_chaos_v1:corpse_fly":9,"alexsmobs:fly":1,"born_in_chaos_v1:siamese_skeletonsleft":1,"minecraft:cow":17,"darkestsouls:hollow_axe":3,"darkestsouls:church_doctor":2,"born_in_chaos_v1:zombie_bruiser":3,"born_in_chaos_v1:maggot":15,"born_in_chaos_v1:pumpkinhead":1,"born_in_chaos_v1:dire_hound_leader":2,"darkestsouls:hollow_broken_straightsword":4,"darkestsouls:skeleton_falchion":2,"darkestsouls:church_doctor_crucifix":2,"born_in_chaos_v1:fallen_chaos_knight":1,"minecraft:husk":5,"born_in_chaos_v1:felsteed":1,"born_in_chaos_v1:bone_imp_minion":5,"born_in_chaos_v1:baby_skeleton":2,"born_in_chaos_v1:swarmer":1,"minecraft:frog":4,"minecraft:bat":1,"born_in_chaos_v1:decrepit_skeleton":7,"alexsmobs:cockroach":4,"darkestsouls:cloaked_beast_patient":11,"alexsmobs:crow":3,"minecraft:enderman":1},"minecraft:custom":{"minecraft:animals_bred":38,"minecraft:interact_with_crafting_table":177,"minecraft:open_barrel":204,"minecraft:eat_cake_slice":1,"minecraft:leave_game":7,"minecraft:time_since_death":6845,"minecraft:damage_resisted":47,"minecraft:sprint_one_cm":3571943,"minecraft:drop":111,"minecraft:play_time":1294103,"minecraft:deaths":54,"minecraft:jump":15990,"minecraft:interact_with_brewingstand":3,"minecraft:walk_on_water_one_cm":116540,"minecraft:enchant_item":4,"minecraft:interact_with_furnace":143,"minecraft:sleep_in_bed":53,"minecraft:damage_dealt":25492,"minecraft:crouch_one_cm":42232,"minecraft:interact_with_smoker":27,"minecraft:interact_with_smithing_table":7,"minecraft:mob_kills":246,"minecraft:damage_dealt_resisted":7558,"minecraft:climb_one_cm":192071,"minecraft:walk_one_cm":6689220,"minecraft:damage_dealt_absorbed":276,"minecraft:sneak_time":11736,"minecraft:walk_under_water_one_cm":91488,"minecraft:interact_with_blast_furnace":31,"minecraft:total_world_time":1294103,"minecraft:pot_flower":1,"minecraft:interact_with_stonecutter":13,"minecraft:time_since_rest":6878,"minecraft:damage_taken":11902,"minecraft:swim_one_cm":41505,"minecraft:fly_one_cm":5323383,"minecraft:open_chest":930,"minecraft:fall_one_cm":255323},"minecraft:killed_by":{"alexsmobs:froststalker":1,"born_in_chaos_v1:nightmare_stalker":2,"darkestsouls:cloaked_beast_patient":6,"alexsmobs:snow_leopard":3,"born_in_chaos_v1:bone_imp_minion":2,"darkestsouls:skeleton_spear":1,"darkestsouls:leech":1,"minecraft:husk":1,"darkestsouls:skeleton_falchion":1,"darkestsouls:church_doctor":2,"minecraft:player":4,"darkestsouls:skeleton_swordsman_twin_shotels":1,"born_in_chaos_v1:zombie_lumberjack":1,"minecraft:enderman":2,"darkestsouls:sewer_centipede":1,"darkestsouls:ashen_blood_beast_patient":1,"darkestsouls:hollow_axe":1,"born_in_chaos_v1:bonescaller":1,"minecraft:skeleton":4,"darkestsouls:beast_patient":3,"darkestsouls:church_doctor_lantern":1,"cave_dweller:cave_dweller":4,"darkestsouls:hollow_longsword":1,"born_in_chaos_v1:door_knight":1},"minecraft:broken":{"minecraft:iron_boots":1,"minecraft:stone_pickaxe":22,"minecraft:stone_axe":2,"minecraft:stone_shovel":5,"minecraft:leather_chestplate":1,"minecraft:stone_hoe":1,"minecraft:iron_axe":1,"minecraft:iron_pickaxe":6},"minecraft:mined":{"minecraft:polished_granite_slab":10,"darkestsouls:siderite_ore":9,"minecraft:spruce_planks":1,"minecraft:farmland":58,"minecraft:cobblestone_stairs":33,"minecraft:red_nether_bricks":4,"minecraft:potted_cactus":1,"minecraft:brewing_stand":1,"minecraft:obsidian":8,"ribbits:mossy_oak_planks":9,"minecraft:granite":582,"minecraft:cave_vines_plant":5,"minecraft:budding_amethyst":3,"minecraft:grass_block":766,"born_in_chaos_v1:dark_metal_deposit":3,"minecraft:mangrove_fence":26,"minecraft:light_gray_bed":7,"darkestsouls:deepslate_siderite_ore":10,"minecraft:spawner":2,"minecraft:chiseled_stone_bricks":7,"minecraft:magma_block":35,"minecraft:cobbled_deepslate":235,"born_in_chaos_v1:black_argillite_brick_slab":3,"minecraft:iron_ore":67,"minecraft:barrel":19,"minecraft:fire":1,"born_in_chaos_v1:black_argillite_brick_stairs":2,"minecraft:moss_carpet":2,"minecraft:deepslate_lapis_ore":10,"minecraft:enchanting_table":1,"minecraft:water_cauldron":1,"minecraft:cave_vines":10,"minecraft:small_amethyst_bud":1,"minecraft:iron_bars":1,"minecraft:green_carpet":2,"minecraft:polished_granite_stairs":16,"minecraft:spruce_slab":1,"minecraft:green_bed":2,"minecraft:deepslate_redstone_ore":26,"minecraft:red_bed":6,"minecraft:polished_deepslate_stairs":1,"minecraft:medium_amethyst_bud":1,"minecraft:crimson_nylium":6,"minecraft:smoker":2,"minecraft:amethyst_cluster":2,"minecraft:powder_snow":10,"minecraft:clay":66,"minecraft:torch":45,"minecraft:blast_furnace":2,"minecraft:calcite":52,"minecraft:poppy":20,"minecraft:chest":9,"minecraft:cobblestone":390,"minecraft:sugar_cane":10,"minecraft:oak_planks":8,"minecraft:wall_torch":97,"minecraft:amethyst_block":32,"minecraft:cauldron":1,"minecraft:deepslate_copper_ore":18,"ribbits:toadstool_stem":1,"minecraft:wheat":180,"minecraft:birch_log":118,"born_in_chaos_v1:black_argillite_brick":4,"minecraft:grass":166,"minecraft:infested_mossy_stone_bricks":1,"minecraft:oak_log":358,"minecraft:dirt":90,"minecraft:mangrove_log":84,"minecraft:smooth_basalt":68,"darkestsouls:deepslate_cinnabar_ore":2,"minecraft:stonecutter":1,"born_in_chaos_v1:infernal_evil_pumpkin_s":1,"minecraft:netherrack":19,"minecraft:deepslate":971,"minecraft:oak_leaves":15,"minecraft:tuff":115,"minecraft:red_carpet":8,"minecraft:deepslate_diamond_ore":13,"minecraft:candle":8,"minecraft:oak_door":2,"born_in_chaos_v1:infected_diamond_ore":2,"minecraft:ladder":17,"gravestone:gravestone":14,"minecraft:cobbled_deepslate_slab":2,"minecraft:allium":1,"born_in_chaos_v1:black_argillite":13,"minecraft:spruce_leaves":34,"minecraft:moss_block":11,"minecraft:large_fern":2,"minecraft:furnace":15,"minecraft:carrots":238,"minecraft:snow":5,"minecraft:polished_deepslate":308,"minecraft:bookshelf":30,"minecraft:deepslate_iron_ore":65,"minecraft:cobblestone_slab":9,"minecraft:vine":7,"minecraft:lantern":2,"minecraft:stripped_oak_log":6,"minecraft:packed_ice":1,"minecraft:smooth_quartz_stairs":1,"minecraft:stone":2673,"minecraft:smithing_table":3,"minecraft:light_gray_carpet":2,"minecraft:glass_pane":2,"born_in_chaos_v1:marigolds":2,"minecraft:infested_stone_bricks":1,"minecraft:snow_block":175,"born_in_chaos_v1:scorched_planks_fence":30,"minecraft:dandelion":7,"minecraft:spruce_door":6,"minecraft:oak_fence":41,"minecraft:crafting_table":7,"minecraft:lectern":1,"minecraft:sculk_sensor":1,"farmersdelight:carrot_crate":1,"minecraft:tall_grass":1,"minecraft:copper_ore":97,"minecraft:deepslate_coal_ore":21,"born_in_chaos_v1:chipped_black_argillite_brick":4,"minecraft:lapis_ore":4,"minecraft:big_dripleaf":1,"minecraft:spruce_stairs":3,"minecraft:birch_planks":5,"minecraft:light_blue_bed":1,"minecraft:cobblestone_wall":3,"minecraft:ice":4,"minecraft:white_carpet":5,"minecraft:spruce_log":7,"minecraft:birch_leaves":4,"minecraft:white_wall_banner":1,"minecraft:mangrove_planks":5,"ribbits:brown_toadstool":1,"minecraft:coal_ore":126,"darkestsouls:cinnabar_ore":54,"minecraft:gravel":33,"minecraft:gray_carpet":6,"minecraft:cobweb":2,"minecraft:cracked_stone_bricks":5,"minecraft:stone_bricks":47,"minecraft:polished_andesite":1,"minecraft:small_dripleaf":1,"minecraft:mossy_stone_bricks":12,"minecraft:gold_ore":4,"minecraft:fern":1,"minecraft:infested_stone":1,"minecraft:dark_oak_planks":1},"minecraft:picked_up":{"minecraft:iron_chestplate":3,"minecraft:wheat":152,"minecraft:chainmail_boots":1,"minecraft:flower_pot":1,"minecraft:smithing_table":3,"minecraft:potion":1,"darkestsouls:beast_blood_clump":18,"minecraft:amethyst_block":25,"born_in_chaos_v1:black_argillite":13,"minecraft:brewing_stand":1,"minecraft:raw_copper":661,"born_in_chaos_v1:holiday_candy":25,"minecraft:polished_deepslate":309,"minecraft:string":20,"minecraft:armor_stand":2,"minecraft:red_nether_bricks":4,"darkestsouls:rune_fragment":5,"minecraft:beetroot":3,"minecraft:cobbled_deepslate":1481,"minecraft:bucket":5,"minecraft:spruce_planks":267,"minecraft:cobblestone_slab":26,"minecraft:calcite":46,"minecraft:iron_pickaxe":14,"born_in_chaos_v1:stimulating_decoction":1,"minecraft:smooth_quartz_stairs":1,"minecraft:mangrove_log":475,"minecraft:iron_boots":7,"minecraft:furnace":19,"minecraft:stick":142,"born_in_chaos_v1:shattered_skull":2,"minecraft:big_dripleaf":1,"minecraft:polished_deepslate_stairs":1,"minecraft:oak_fence":41,"minecraft:torch":316,"minecraft:green_bed":2,"minecraft:spruce_stairs":3,"epicfight:skillbook":6,"born_in_chaos_v1:pileof_dark_metal":1,"minecraft:snow_block":54,"minecraft:cherry_log":2,"born_in_chaos_v1:black_argillite_brick_stairs":2,"minecraft:cauldron":7,"minecraft:stone_sword":10,"minecraft:cactus":1,"minecraft:light_gray_bed":6,"minecraft:rotten_flesh":84,"darkestsouls:titanite_fragment":3,"minecraft:obsidian":8,"minecraft:iron_bars":1,"minecraft:snowball":751,"minecraft:cobblestone":3839,"minecraft:birch_log":116,"minecraft:enchanting_table":1,"minecraft:leather_chestplate":3,"born_in_chaos_v1:staffof_magic_arrows":3,"minecraft:magma_block":35,"epicfight:stone_spear":9,"ribbits:mossy_oak_planks":9,"minecraft:feather":4,"minecraft:cooked_beef":7,"born_in_chaos_v1:spiritual_dust":12,"minecraft:water_bucket":2,"minecraft:jungle_log":1,"minecraft:golden_leggings":1,"minecraft:smoker":2,"minecraft:potato":2,"minecraft:flint":4,"darkestsouls:cinnabar":141,"minecraft:tuff":127,"born_in_chaos_v1:black_argillite_button":1,"farmersdelight:carrot_crate":1,"skilltree:gem":56,"minecraft:lapis_lazuli":138,"minecraft:dirt":1125,"minecraft:lantern":2,"born_in_chaos_v1:monster_skin":14,"born_in_chaos_v1:marigolds":2,"minecraft:mangrove_fence":25,"minecraft:bone":77,"minecraft:stonecutter":1,"minecraft:wheat_seeds":518,"minecraft:raw_gold":4,"minecraft:cobbled_deepslate_slab":2,"magistuarmory:copper_estoc":1,"minecraft:rabbit":4,"minecraft:mossy_stone_bricks":25,"minecraft:moss_block":14,"minecraft:stone_hoe":1,"minecraft:oak_planks":11,"darkestsouls:bone_fragment":1,"minecraft:cooked_porkchop":6,"minecraft:grass_block":1,"minecraft:dark_oak_log":2,"minecraft:barrel":19,"skilltree:traveler_necklace":1,"minecraft:polished_andesite":1,"minecraft:diamond":13,"minecraft:polished_granite_slab":12,"born_in_chaos_v1:scorched_planks_fence":30,"minecraft:granite":577,"minecraft:bone_meal":20,"minecraft:bread":2,"magistuarmory:iron_ahlspiess":2,"minecraft:light_gray_carpet":3,"minecraft:oak_sapling":78,"minecraft:netherrack":25,"minecraft:crafting_table":10,"minecraft:fishing_rod":1,"minecraft:allium":3,"minecraft:charcoal":107,"born_in_chaos_v1:diamond_termite_shard":4,"minecraft:azure_bluet":1,"minecraft:chicken":3,"born_in_chaos_v1:smoked_monster_flesh":1,"minecraft:ladder":20,"minecraft:clay_ball":276,"born_in_chaos_v1:seedof_chaos":11,"minecraft:rabbit_stew":1,"minecraft:leather_leggings":3,"minecraft:wooden_pickaxe":2,"gravestone:obituary":2,"minecraft:chain":1,"minecraft:shield":14,"minecraft:brick":40,"ribbits:toadstool_stem":1,"minecraft:red_bed":6,"minecraft:moss_carpet":9,"minecraft:iron_axe":5,"minecraft:flint_and_steel":1,"minecraft:item_frame":1,"minecraft:white_carpet":6,"born_in_chaos_v1:black_argillite_brick":4,"minecraft:cracked_stone_bricks":7,"minecraft:candle":16,"minecraft:beef":32,"born_in_chaos_v1:gnawed_bones":1,"minecraft:lectern":1,"minecraft:iron_nugget":5,"minecraft:poppy":21,"minecraft:spruce_slab":2,"minecraft:sugar_cane":21,"minecraft:chest":12,"minecraft:birch_sapling":17,"minecraft:egg":1,"minecraft:raw_iron":147,"minecraft:oak_door":2,"darkestsouls:soul_fragment":11,"minecraft:copper_ingot":32,"born_in_chaos_v1:pieceofdarkmetal":19,"minecraft:carrot":1376,"minecraft:redstone":121,"minecraft:light_blue_bed":1,"minecraft:dark_oak_planks":2,"minecraft:polished_granite_stairs":16,"minecraft:arrow":35,"minecraft:stone_shovel":12,"minecraft:gold_ingot":3,"minecraft:glow_berries":7,"minecraft:skeleton_skull":1,"minecraft:white_wool":3,"born_in_chaos_v1:fused_bone":4,"minecraft:stripped_oak_log":7,"born_in_chaos_v1:corpse_maggot":23,"minecraft:golden_carrot":1,"born_in_chaos_v1:monster_flesh":21,"born_in_chaos_v1:pumpkin_staff":1,"minecraft:salmon":7,"minecraft:leather":14,"minecraft:birch_planks":53,"minecraft:mushroom_stew":1,"minecraft:oak_log":361,"minecraft:cobblestone_wall":3,"darkestsouls:firebomb":2,"minecraft:gunpowder":2,"minecraft:cobblestone_stairs":39,"minecraft:white_banner":1,"minecraft:rabbit_hide":3,"minecraft:red_carpet":6,"minecraft:apple":9,"born_in_chaos_v1:soul_cutlass":1,"born_in_chaos_v1:intoxicating_dagger":3,"minecraft:stone_bricks":51,"minecraft:gray_carpet":9,"minecraft:stone_pickaxe":20,"minecraft:spore_blossom":1,"minecraft:cooked_chicken":14,"minecraft:iron_ingot":15,"alexsmobs:cockroach_wing_fragment":2,"born_in_chaos_v1:smoked_flesh":1,"born_in_chaos_v1:chipped_black_argillite_brick":4,"darkestsouls:blood_stone_fragment":7,"minecraft:mangrove_planks":25,"minecraft:flowering_azalea":5,"minecraft:book":90,"minecraft:smooth_basalt":161,"epicfight:stone_greatsword":12,"epicfight:iron_spear":2,"minecraft:chiseled_stone_bricks":7,"born_in_chaos_v1:lifestealer_bone":8,"born_in_chaos_v1:orbofthe_summoner":1,"born_in_chaos_v1:ethereal_spirit":2,"minecraft:dandelion":11,"minecraft:gravel":40,"minecraft:amethyst_shard":8,"minecraft:spruce_sapling":2,"minecraft:blast_furnace":2,"born_in_chaos_v1:fangofthe_hound_leader":3,"minecraft:spruce_log":9,"minecraft:green_carpet":2,"minecraft:spruce_door":8,"minecraft:spider_eye":1,"epicfight:diamond_tachi":1,"minecraft:pumpkin_seeds":20,"darkestsouls:siderite_fragment":24,"minecraft:slime_ball":2,"born_in_chaos_v1:black_argillite_brick_slab":6,"minecraft:stone_axe":12,"minecraft:iron_helmet":4,"darkestsouls:small_soul_fragment":18,"minecraft:coal":278,"minecraft:ender_pearl":1,"darkestsouls:throwing_knife":3}},"DataVersion":3465}