{"stats":{"minecraft:used":{"minecraft:stone_sword":13,"minecraft:stone_shovel":150,"minecraft:black_carpet":4,"minecraft:chest":6,"minecraft:spruce_planks":62,"minecraft:wooden_shovel":59,"minecraft:torch":31,"minecraft:dirt":13,"minecraft:carrot":1,"minecraft:glass":67,"minecraft:wooden_axe":81,"minecraft:mangrove_log":1,"minecraft:light_blue_bed":1,"epicfight:stone_greatsword":79,"minecraft:red_carpet":1,"minecraft:furnace":1,"minecraft:cooked_cod":4,"minecraft:cooked_beef":8,"minecraft:light_gray_bed":10,"minecraft:spruce_door":4,"minecraft:stone_pickaxe":506,"minecraft:wooden_pickaxe":107,"minecraft:glow_berries":4,"minecraft:crafting_table":2,"minecraft:mushroom_stew":1,"born_in_chaos_v1:holiday_candy":3,"minecraft:spruce_log":44,"born_in_chaos_v1:smoked_monster_flesh":2,"minecraft:stone_axe":4,"minecraft:cobblestone":103,"minecraft:potion":3,"minecraft:cooked_porkchop":2,"alexsmobs:animal_dictionary":3,"minecraft:purple_carpet":1},"minecraft:picked_up":{"minecraft:crafting_table":1,"minecraft:allium":1,"minecraft:black_carpet":4,"born_in_chaos_v1:smoked_monster_flesh":3,"minecraft:clay_ball":12,"minecraft:wooden_pickaxe":3,"minecraft:potion":2,"minecraft:oak_trapdoor":1,"minecraft:raw_copper":263,"minecraft:gold_nugget":4,"minecraft:candle":17,"minecraft:cobbled_deepslate":120,"minecraft:beef":2,"minecraft:iron_nugget":4,"minecraft:chest":1,"minecraft:mangrove_log":3,"minecraft:egg":1,"minecraft:stick":2,"minecraft:raw_iron":4,"darkestsouls:soul_fragment":14,"minecraft:copper_ingot":192,"minecraft:torch":15,"minecraft:bowl":1,"minecraft:redstone":38,"minecraft:carrot":1,"minecraft:light_blue_bed":1,"minecraft:tnt":1,"minecraft:light_gray_bed":10,"minecraft:cooked_cod":3,"darkestsouls:titanite_fragment":4,"minecraft:glow_berries":1,"minecraft:cobblestone":349,"minecraft:cooked_beef":4,"minecraft:mushroom_stew":1,"darkestsouls:cinnabar":57,"minecraft:tuff":14,"minecraft:golden_boots":1,"minecraft:lapis_lazuli":91,"skilltree:gem":58,"minecraft:dirt":154,"minecraft:purple_carpet":1,"born_in_chaos_v1:marigolds":1,"minecraft:leather_boots":1,"minecraft:bone":1,"minecraft:red_carpet":1,"minecraft:gray_carpet":1,"minecraft:wheat_seeds":1,"minecraft:stone_pickaxe":1,"minecraft:glass_bottle":5,"epicfight:stone_greatsword":2,"minecraft:gravel":1,"minecraft:sand":99,"minecraft:amethyst_shard":9,"minecraft:spruce_log":76,"minecraft:spruce_door":2,"alexsmobs:animal_dictionary":2,"minecraft:emerald":1,"darkestsouls:small_soul_fragment":4,"alexsmobs:maggot":1,"minecraft:coal":86},"minecraft:custom":{"minecraft:mob_kills":17,"minecraft:interact_with_crafting_table":30,"minecraft:open_barrel":21,"minecraft:damage_dealt_resisted":479,"minecraft:leave_game":2,"minecraft:time_since_death":59157,"minecraft:climb_one_cm":29062,"minecraft:sprint_one_cm":593869,"minecraft:walk_one_cm":1425474,"minecraft:drop":12,"minecraft:talked_to_villager":2,"minecraft:play_time":200483,"minecraft:deaths":5,"minecraft:sneak_time":899,"minecraft:walk_under_water_one_cm":9924,"minecraft:jump":1852,"minecraft:interact_with_brewingstand":1,"minecraft:walk_on_water_one_cm":16796,"minecraft:total_world_time":200483,"minecraft:interact_with_furnace":70,"minecraft:sleep_in_bed":15,"minecraft:time_since_rest":2382,"minecraft:damage_taken":1858,"minecraft:damage_dealt":5358,"minecraft:swim_one_cm":10654,"minecraft:fly_one_cm":622048,"minecraft:open_chest":99,"minecraft:crouch_one_cm":3177,"minecraft:interact_with_smoker":2,"minecraft:fall_one_cm":35578},"minecraft:crafted":{"minecraft:stone_shovel":1,"minecraft:furnace":1,"minecraft:glass":68,"minecraft:stone_pickaxe":6,"minecraft:chest":5,"minecraft:cooked_beef":8,"minecraft:cooked_cod":4,"minecraft:wooden_shovel":1,"minecraft:crafting_table":1,"minecraft:spruce_planks":128,"minecraft:wooden_pickaxe":1,"minecraft:spruce_door":3,"minecraft:copper_ingot":50,"minecraft:mangrove_planks":8,"epicfight:stone_greatsword":2,"minecraft:stone_axe":1,"minecraft:air":0,"minecraft:stick":28,"minecraft:iron_ingot":2,"minecraft:stone_sword":1,"minecraft:torch":32},"minecraft:mined":{"minecraft:tuff":12,"minecraft:sculk_vein":1,"minecraft:allium":1,"minecraft:grass_block":153,"minecraft:light_gray_bed":9,"ribbits:toadstool":1,"minecraft:oak_trapdoor":1,"minecraft:iron_ore":2,"minecraft:moss_carpet":2,"minecraft:black_carpet":4,"minecraft:cave_vines":3,"minecraft:deepslate_iron_ore":2,"minecraft:purple_carpet":1,"minecraft:stripped_oak_log":1,"minecraft:stone":354,"minecraft:glass_pane":2,"born_in_chaos_v1:marigolds":1,"minecraft:spruce_door":2,"minecraft:clay":1,"minecraft:crafting_table":1,"minecraft:torch":4,"minecraft:chest":1,"minecraft:glass":3,"minecraft:cobblestone":2,"minecraft:copper_ore":44,"ribbits:red_toadstool":1,"minecraft:lapis_ore":5,"minecraft:sculk":4,"minecraft:wall_torch":10,"minecraft:purple_bed":1,"minecraft:light_blue_bed":1,"minecraft:spruce_log":77,"minecraft:grass":13,"minecraft:coal_ore":87,"minecraft:sand":101,"minecraft:dirt":4,"minecraft:gray_carpet":10,"minecraft:mangrove_log":3,"minecraft:deepslate":46,"minecraft:infested_stone":1},"minecraft:killed":{"darkestsouls:hollow_axe":1,"born_in_chaos_v1:mr_pumpkin":5,"born_in_chaos_v1:zombie_bruiser":1,"darkestsouls:hollow_broken_straightsword":1,"minecraft:llama":1,"darkestsouls:church_doctor_pistol":1,"minecraft:silverfish":2,"darkestsouls:beast_patient":1,"darkestsouls:hollow_assassin":1,"born_in_chaos_v1:corpse_fly":1,"alexsmobs:fly":1,"minecraft:cow":1},"minecraft:broken":{"minecraft:leather_helmet":1,"minecraft:wooden_shovel":1,"minecraft:wooden_pickaxe":2,"minecraft:stone_pickaxe":3,"minecraft:wooden_axe":2,"minecraft:stone_shovel":1},"minecraft:killed_by":{"darkestsouls:hollow_assassin":1,"darkestsouls:beast_patient":2,"born_in_chaos_v1:sir_the_headless":1},"minecraft:dropped":{"minecraft:wheat_seeds":1,"minecraft:bone":2,"minecraft:gravel":1,"minecraft:oak_trapdoor":1,"minecraft:bowl":1,"born_in_chaos_v1:smoked_monster_flesh":1,"minecraft:clay_ball":4,"minecraft:wooden_pickaxe":1}},"DataVersion":3465}