{"stats":{"minecraft:used":{"minecraft:beetroot":1,"minecraft:ladder":2,"minecraft:poppy":10,"minecraft:chest":25,"minecraft:shield":93,"minecraft:stone":56,"minecraft:rotten_flesh":2,"minecraft:iron_chestplate":2,"minecraft:allium":2,"minecraft:carrot":264,"minecraft:tuff":24,"minecraft:glass":42,"born_in_chaos_v1:smoked_flesh":39,"minecraft:mangrove_log":4,"minecraft:iron_helmet":4,"minecraft:light_blue_bed":2,"wom:iron_staff":600,"minecraft:stone_bricks":212,"minecraft:hay_block":3,"minecraft:written_book":1,"minecraft:sweet_berries":2,"minecraft:furnace":15,"minecraft:egg":1,"born_in_chaos_v1:nightmare_mantleofthe_night_boots":5,"epicfight:skillbook":6,"minecraft:spruce_door":3,"minecraft:stone_pickaxe":3962,"minecraft:mangrove_planks":20,"minecraft:wooden_pickaxe":43,"epicfight:iron_longsword":285,"minecraft:golden_apple":1,"minecraft:glow_berries":1,"minecraft:mushroom_stew":3,"minecraft:mangrove_door":1,"born_in_chaos_v1:monster_flesh":2,"minecraft:bread":53,"minecraft:gravel":1,"minecraft:soul_lantern":1,"minecraft:smithing_table":4,"minecraft:bone_meal":202,"minecraft:stone_sword":257,"minecraft:armor_stand":1,"minecraft:stone_shovel":796,"minecraft:spruce_planks":253,"minecraft:stone_hoe":286,"minecraft:cooked_chicken":12,"minecraft:torch":145,"minecraft:dirt":581,"minecraft:spruce_stairs":10,"ribbits:toadstool_stem":1,"minecraft:granite":2,"minecraft:spruce_fence":19,"minecraft:iron_boots":1,"born_in_chaos_v1:intoxicating_dagger":31,"epicfight:stone_greatsword":214,"minecraft:cooked_beef":11,"minecraft:cobbled_deepslate":59,"minecraft:powder_snow_bucket":1,"minecraft:light_gray_bed":4,"farmersdelight:fried_egg":3,"minecraft:calcite":3,"minecraft:wheat_seeds":340,"minecraft:water_bucket":24,"minecraft:cobblestone_stairs":13,"epicfight:iron_spear":41,"minecraft:cyan_candle":1,"minecraft:baked_potato":4,"minecraft:spruce_fence_gate":2,"minecraft:leather_boots":2,"minecraft:crafting_table":17,"minecraft:smoker":5,"minecraft:spruce_log":17,"minecraft:apple":3,"minecraft:iron_pickaxe":1036,"minecraft:golden_leggings":5,"minecraft:stone_axe":554,"minecraft:cobblestone":683,"minecraft:potion":3,"minecraft:purple_bed":4,"minecraft:cooked_porkchop":2,"minecraft:bucket":25,"alexsmobs:animal_dictionary":1},"minecraft:dropped":{"minecraft:baked_potato":1,"minecraft:diamond":1,"minecraft:cooked_porkchop":1,"minecraft:dirt":151,"gravestone:obituary":4,"minecraft:bone":7,"minecraft:cooked_chicken":2,"minecraft:cobbled_deepslate":31,"born_in_chaos_v1:smoked_flesh":4,"minecraft:oak_planks":1,"minecraft:carrot":102,"minecraft:ladder":20,"minecraft:azalea":2,"minecraft:chest":1,"minecraft:bread":5,"born_in_chaos_v1:intoxicating_decoction":1,"minecraft:wheat_seeds":6,"minecraft:golden_helmet":1,"minecraft:iron_helmet":1,"minecraft:cobblestone":52,"minecraft:mushroom_stew":2,"minecraft:stick":6,"minecraft:torch":5,"skilltree:gem":2,"minecraft:potion":2,"epicfight:stone_greatsword":1,"minecraft:iron_axe":1,"epicfight:iron_spear":1,"minecraft:moss_carpet":1,"minecraft:player_head":2,"minecraft:stone_sword":3,"minecraft:raw_iron":6,"minecraft:stone_shovel":1,"minecraft:chicken":3,"minecraft:spruce_planks":1,"born_in_chaos_v1:intoxicating_dagger":1,"minecraft:spruce_log":45,"minecraft:stone_pickaxe":1,"minecraft:wooden_pickaxe":1,"epicfight:skillbook":1},"minecraft:crafted":{"minecraft:smooth_stone":3,"minecraft:oak_planks":16,"minecraft:cobblestone_slab":12,"epicfight:iron_spear":2,"minecraft:cobblestone_stairs":12,"minecraft:stone":354,"minecraft:glass":163,"wom:iron_greataxe":1,"minecraft:chest":22,"minecraft:stone_bricks":220,"minecraft:stone_hoe":2,"minecraft:smoker":2,"minecraft:cooked_porkchop":3,"minecraft:crafting_table":12,"minecraft:spruce_planks":612,"minecraft:iron_helmet":5,"minecraft:baked_potato":6,"minecraft:wooden_pickaxe":1,"skilltree:iron_ring":2,"minecraft:spruce_door":9,"minecraft:smithing_table":1,"minecraft:copper_ingot":199,"epicfight:iron_longsword":1,"farmersdelight:fried_egg":4,"minecraft:iron_chestplate":2,"minecraft:shield":3,"minecraft:stick":196,"born_in_chaos_v1:smoked_flesh":94,"minecraft:iron_pickaxe":3,"minecraft:iron_ingot":106,"minecraft:stone_sword":6,"minecraft:gold_ingot":23,"wom:iron_staff":1,"minecraft:spruce_fence_gate":2,"minecraft:shears":1,"minecraft:stone_shovel":8,"minecraft:iron_nugget":9,"born_in_chaos_v1:nightmare_mantleofthe_night_boots":1,"minecraft:furnace":14,"minecraft:blast_furnace":1,"minecraft:piston":2,"minecraft:mushroom_stew":5,"minecraft:bone_meal":189,"minecraft:spruce_fence":21,"born_in_chaos_v1:smoked_monster_flesh":1,"minecraft:spruce_stairs":12,"twilightforest:twilight_oak_planks":20,"minecraft:iron_axe":1,"minecraft:ladder":21,"minecraft:stone_pickaxe":32,"minecraft:spruce_boat":1,"minecraft:wheat":90,"immersive_aircraft:boiler":1,"minecraft:mangrove_door":3,"minecraft:iron_sword":3,"minecraft:bowl":8,"minecraft:bucket":1,"minecraft:mangrove_planks":108,"epicfight:stone_greatsword":2,"minecraft:stone_axe":4,"minecraft:air":0,"minecraft:bread":73,"minecraft:jungle_planks":8,"minecraft:potion":8,"minecraft:gold_nugget":9,"minecraft:iron_leggings":2,"minecraft:torch":116},"minecraft:killed":{"darkestsouls:gravetender_hollow_longsword":4,"twilightforest:boar":1,"born_in_chaos_v1:zombie_lumberjack":1,"born_in_chaos_v1:restless_spirit":1,"darkestsouls:skeleton_curved_swords":2,"minecraft:spider":3,"darkestsouls:leech":1,"born_in_chaos_v1:siamese_skeletonsright":2,"alexsmobs:froststalker":1,"darkestsouls:sewer_centipede":1,"minecraft:skeleton":6,"minecraft:chicken":1,"darkestsouls:church_doctor_pistol":1,"minecraft:silverfish":3,"darkestsouls:beast_patient":8,"darkestsouls:church_doctor_lantern":1,"darkestsouls:hollow_assassin":4,"darkestsouls:hollow_longsword":3,"darkestsouls:gravetender_hollow_broken_straightsword":2,"minecraft:creeper":3,"minecraft:sheep":2,"darkestsouls:skeleton_spear":4,"minecraft:zombie":9,"born_in_chaos_v1:dread_hound":4,"born_in_chaos_v1:corpse_fly":4,"alexsmobs:fly":3,"minecraft:glow_squid":2,"born_in_chaos_v1:door_knight":2,"born_in_chaos_v1:siamese_skeletonsleft":3,"darkestsouls:hollow_axe":7,"darkestsouls:church_doctor":1,"born_in_chaos_v1:zombie_clown_not_despawn":1,"minecraft:slime":8,"born_in_chaos_v1:zombie_bruiser":1,"born_in_chaos_v1:maggot":6,"darkestsouls:hollow_broken_straightsword":1,"darkestsouls:skeleton_falchion":2,"born_in_chaos_v1:spiritof_chaos":1,"minecraft:husk":34,"born_in_chaos_v1:swarmer":1,"minecraft:bat":1,"twilightforest:kobold":1,"born_in_chaos_v1:decrepit_skeleton":5,"born_in_chaos_v1:decaying_zombie":1,"darkestsouls:cloaked_beast_patient":1},"minecraft:custom":{"minecraft:animals_bred":4,"minecraft:interact_with_crafting_table":137,"minecraft:open_barrel":41,"minecraft:eat_cake_slice":6,"minecraft:leave_game":11,"minecraft:time_since_death":232728,"minecraft:damage_resisted":256,"minecraft:sprint_one_cm":5301976,"minecraft:damage_blocked_by_shield":2881,"minecraft:drop":98,"minecraft:play_noteblock":1,"minecraft:talked_to_villager":1,"minecraft:play_time":1068500,"minecraft:deaths":40,"minecraft:jump":8447,"minecraft:walk_on_water_one_cm":135646,"minecraft:interact_with_furnace":164,"minecraft:traded_with_villager":8,"minecraft:interact_with_cartography_table":1,"minecraft:sleep_in_bed":35,"minecraft:damage_dealt":43628,"minecraft:crouch_one_cm":79607,"minecraft:interact_with_smoker":33,"minecraft:inspect_dispenser":1,"minecraft:interact_with_smithing_table":24,"minecraft:interact_with_anvil":2,"minecraft:mob_kills":155,"minecraft:damage_dealt_resisted":3598,"minecraft:climb_one_cm":294655,"minecraft:walk_one_cm":7078315,"minecraft:damage_dealt_absorbed":265,"minecraft:sneak_time":14487,"minecraft:walk_under_water_one_cm":12942,"minecraft:interact_with_blast_furnace":3,"minecraft:total_world_time":1068500,"minecraft:tune_noteblock":3,"minecraft:time_since_rest":2046,"minecraft:damage_taken":15406,"minecraft:damage_absorbed":40,"minecraft:swim_one_cm":20622,"minecraft:fly_one_cm":9496892,"minecraft:open_chest":869,"minecraft:fall_one_cm":121805},"minecraft:killed_by":{"darkestsouls:cloaked_beast_patient":3,"born_in_chaos_v1:corpse_fly":1,"darkestsouls:leech":4,"minecraft:silverfish":1,"born_in_chaos_v1:siamese_skeletons":1,"darkestsouls:skeleton_falchion":1,"minecraft:husk":1,"minecraft:player":2,"darkestsouls:skeleton_swordsman_twin_shotels":2,"born_in_chaos_v1:zombie_lumberjack":1,"darkestsouls:sewer_centipede":1,"darkestsouls:hollow_axe":1,"born_in_chaos_v1:bonescaller":1,"darkestsouls:hollow_assassin":1,"darkestsouls:beast_patient":6,"cave_dweller:cave_dweller":2,"darkestsouls:hollow_longsword":2},"minecraft:broken":{"born_in_chaos_v1:nightmare_mantleofthe_night_boots":1,"minecraft:iron_leggings":1,"minecraft:stone_pickaxe":26,"minecraft:stone_axe":1,"minecraft:stone_shovel":6,"minecraft:leather_boots":1,"minecraft:iron_pickaxe":3,"minecraft:iron_helmet":1,"epicfight:stone_greatsword":1},"minecraft:mined":{"darkestsouls:siderite_ore":3,"minecraft:large_amethyst_bud":9,"born_in_chaos_v1:cultivated_pumpkin":3,"minecraft:spruce_planks":20,"minecraft:farmland":1,"minecraft:cobblestone_stairs":1,"minecraft:cave_vines_plant":16,"minecraft:granite":174,"minecraft:budding_amethyst":2,"minecraft:grass_block":321,"minecraft:light_gray_bed":4,"minecraft:spawner":1,"minecraft:cobbled_deepslate":3,"minecraft:barrel":1,"minecraft:iron_ore":89,"minecraft:fire":26,"twilightforest:twilight_oak_wood":5,"minecraft:moss_carpet":3,"minecraft:deepslate_lapis_ore":5,"minecraft:cave_vines":24,"minecraft:flowering_azalea_leaves":1,"minecraft:small_amethyst_bud":2,"minecraft:azalea":3,"minecraft:player_head":3,"minecraft:spruce_slab":2,"farmersdelight:wild_potatoes":19,"minecraft:waxed_cut_copper_stairs":1,"minecraft:brown_mushroom":19,"minecraft:medium_amethyst_bud":8,"minecraft:smoker":3,"minecraft:amethyst_cluster":34,"minecraft:soul_lantern":1,"minecraft:powder_snow":1,"minecraft:clay":16,"minecraft:torch":11,"minecraft:calcite":32,"minecraft:poppy":11,"minecraft:chest":3,"twilightforest:twilight_oak_log":28,"minecraft:cobblestone":90,"minecraft:oak_planks":7,"minecraft:wall_torch":11,"minecraft:amethyst_block":17,"minecraft:mud":1,"ribbits:toadstool_stem":1,"minecraft:wheat":183,"twilightforest:root":64,"minecraft:stone_brick_stairs":1,"minecraft:grass":31,"minecraft:sand":173,"minecraft:dirt":333,"minecraft:mangrove_log":35,"minecraft:smooth_basalt":7,"minecraft:potted_red_tulip":1,"minecraft:cyan_candle":3,"minecraft:deepslate":630,"twilightforest:firefly":1,"minecraft:tuff":86,"minecraft:stripped_mangrove_log":4,"minecraft:deepslate_diamond_ore":9,"minecraft:glow_lichen":3,"minecraft:ladder":1,"gravestone:gravestone":1,"minecraft:allium":3,"minecraft:brown_mushroom_block":1,"ribbits:toadstool":1,"ribbits:umbrella_leaf":1,"minecraft:spruce_leaves":47,"minecraft:moss_block":72,"twilightforest:trollsteinn":6,"minecraft:hay_block":13,"minecraft:spore_blossom":1,"minecraft:oak_trapdoor":1,"minecraft:furnace":5,"minecraft:carrots":113,"minecraft:snow":5,"twilightforest:twilight_oak_leaves":2,"minecraft:stripped_spruce_log":4,"ribbits:mossy_oak_planks_stairs":2,"minecraft:deepslate_iron_ore":33,"minecraft:vine":1,"minecraft:rail":1,"minecraft:stripped_oak_log":5,"minecraft:stone":3073,"minecraft:smithing_table":3,"minecraft:light_gray_carpet":1,"minecraft:flowering_azalea":4,"minecraft:hanging_roots":1,"minecraft:snow_block":40,"minecraft:dandelion":3,"minecraft:oak_fence":3,"minecraft:crafting_table":7,"minecraft:tall_grass":9,"minecraft:copper_ore":45,"minecraft:deepslate_coal_ore":3,"minecraft:deepslate_gold_ore":9,"minecraft:lapis_ore":6,"twilightforest:mayapple":2,"minecraft:diorite":2,"minecraft:big_dripleaf":2,"minecraft:spruce_stairs":2,"minecraft:purple_bed":3,"minecraft:light_blue_bed":2,"minecraft:sweet_berry_bush":1,"minecraft:ice":8,"minecraft:white_carpet":1,"minecraft:spruce_log":272,"minecraft:mangrove_leaves":3,"ribbits:brown_toadstool":2,"minecraft:coal_ore":374,"darkestsouls:cinnabar_ore":55,"minecraft:gravel":35,"minecraft:cobweb":31,"minecraft:stone_bricks":6,"minecraft:mossy_stone_bricks":1,"minecraft:gold_ore":20,"minecraft:fern":9},"minecraft:picked_up":{"minecraft:wheat":150,"minecraft:iron_chestplate":10,"minecraft:flower_pot":1,"minecraft:smithing_table":5,"minecraft:potion":2,"minecraft:stone_brick_stairs":1,"darkestsouls:beast_blood_clump":3,"minecraft:amethyst_block":25,"minecraft:raw_copper":227,"minecraft:string":36,"minecraft:dark_oak_trapdoor":1,"minecraft:armor_stand":1,"darkestsouls:rune_fragment":4,"minecraft:beetroot":4,"minecraft:gold_nugget":2,"minecraft:cobbled_deepslate":905,"minecraft:bucket":8,"twilightforest:trollsteinn":3,"minecraft:spruce_planks":485,"minecraft:cobblestone_slab":50,"minecraft:rose_bush":1,"minecraft:redstone_torch":2,"minecraft:written_book":2,"minecraft:calcite":25,"minecraft:azalea":4,"minecraft:iron_pickaxe":13,"minecraft:mangrove_log":129,"minecraft:furnace":5,"minecraft:iron_boots":3,"minecraft:golden_helmet":1,"minecraft:stick":302,"ribbits:toadstool":1,"born_in_chaos_v1:shattered_skull":7,"minecraft:big_dripleaf":4,"minecraft:torch":126,"minecraft:acacia_log":1,"minecraft:spruce_stairs":4,"minecraft:porkchop":3,"epicfight:skillbook":6,"born_in_chaos_v1:pileof_dark_metal":1,"minecraft:diorite":2,"minecraft:waxed_cut_copper_stairs":2,"minecraft:stone_sword":12,"minecraft:light_gray_bed":6,"minecraft:rotten_flesh":126,"minecraft:tropical_fish":1,"minecraft:red_tulip":1,"darkestsouls:titanite_fragment":3,"born_in_chaos_v1:cultivated_pumpkin":3,"minecraft:snowball":158,"minecraft:cobblestone":5097,"born_in_chaos_v1:staffof_magic_arrows":1,"minecraft:leather_chestplate":2,"epicfight:stone_spear":4,"minecraft:cooked_beef":20,"twilightforest:twilight_oak_log":25,"twilightforest:twilight_oak_wood":5,"minecraft:golden_leggings":11,"minecraft:smoker":4,"minecraft:potato":21,"minecraft:flint":4,"darkestsouls:cinnabar":80,"minecraft:tuff":134,"skilltree:gem":75,"minecraft:lapis_lazuli":83,"minecraft:dirt":797,"born_in_chaos_v1:monster_skin":9,"minecraft:purple_carpet":2,"minecraft:leather_boots":2,"minecraft:glass":7,"minecraft:bone":80,"minecraft:bow":1,"ribbits:brown_toadstool":4,"minecraft:wheat_seeds":546,"minecraft:raw_gold":27,"minecraft:dark_oak_sign":1,"minecraft:cyan_candle":4,"minecraft:moss_block":65,"minecraft:stone_hoe":1,"minecraft:oak_planks":1,"ribbits:mossy_oak_planks_stairs":4,"minecraft:sand":170,"minecraft:stripped_spruce_log":4,"minecraft:barrel":1,"alexsmobs:animal_dictionary":1,"minecraft:diamond":17,"minecraft:soul_lantern":1,"minecraft:granite":147,"minecraft:bone_meal":24,"minecraft:golden_apple":2,"minecraft:bread":24,"alexsmobs:maggot":6,"minecraft:light_gray_carpet":2,"minecraft:mud":2,"minecraft:charcoal":108,"minecraft:crafting_table":9,"born_in_chaos_v1:diamond_termite_shard":1,"minecraft:allium":3,"minecraft:chicken":1,"born_in_chaos_v1:smoked_monster_flesh":4,"minecraft:ladder":1,"minecraft:clay_ball":44,"minecraft:leather_leggings":2,"minecraft:brown_mushroom":19,"minecraft:wooden_pickaxe":2,"gravestone:obituary":3,"minecraft:shield":16,"minecraft:stripped_mangrove_log":4,"ribbits:toadstool_stem":1,"minecraft:moss_carpet":6,"minecraft:oak_trapdoor":4,"minecraft:iron_axe":8,"born_in_chaos_v1:intoxicating_decoction":4,"minecraft:item_frame":2,"minecraft:white_carpet":1,"minecraft:player_head":5,"minecraft:iron_nugget":5,"minecraft:poppy":10,"minecraft:spruce_slab":4,"minecraft:chest":4,"minecraft:egg":6,"minecraft:raw_iron":134,"minecraft:stripped_mangrove_wood":1,"minecraft:stone":31,"ribbits:giant_lilypad":6,"darkestsouls:soul_fragment":18,"minecraft:redstone":1,"minecraft:mangrove_sign":1,"born_in_chaos_v1:pieceofdarkmetal":4,"minecraft:carrot":857,"minecraft:light_blue_bed":4,"twilightforest:firefly":1,"minecraft:dark_oak_planks":2,"minecraft:stone_shovel":5,"minecraft:arrow":10,"minecraft:peony":2,"minecraft:hay_block":13,"minecraft:glow_berries":9,"minecraft:mutton":1,"minecraft:rail":1,"minecraft:white_wool":2,"born_in_chaos_v1:fused_bone":36,"minecraft:stripped_oak_log":3,"born_in_chaos_v1:corpse_maggot":15,"born_in_chaos_v1:nightmare_mantleofthe_night_boots":10,"born_in_chaos_v1:monster_flesh":4,"minecraft:golden_carrot":1,"minecraft:glow_ink_sac":5,"minecraft:leather":4,"minecraft:mushroom_stew":4,"minecraft:oak_log":4,"darkestsouls:firebomb":4,"minecraft:gunpowder":8,"minecraft:cobblestone_stairs":10,"minecraft:red_carpet":1,"minecraft:apple":12,"minecraft:stone_bricks":6,"darkestsouls:dark_fragment":1,"born_in_chaos_v1:intoxicating_dagger":12,"minecraft:gray_carpet":3,"minecraft:spore_blossom":3,"born_in_chaos_v1:smoked_flesh":30,"minecraft:iron_ingot":13,"minecraft:stone_pickaxe":33,"minecraft:cooked_chicken":13,"endrem:cold_eye":1,"darkestsouls:blood_stone_fragment":3,"minecraft:glass_bottle":1,"minecraft:mangrove_planks":15,"minecraft:flowering_azalea":4,"minecraft:smooth_basalt":7,"epicfight:stone_greatsword":21,"minecraft:sweet_berries":26,"epicfight:iron_spear":4,"born_in_chaos_v1:ethereal_spirit":6,"minecraft:dandelion":3,"minecraft:gravel":66,"born_in_chaos_v1:dark_rod":1,"minecraft:amethyst_shard":129,"minecraft:spruce_sapling":49,"minecraft:spruce_log":320,"minecraft:spider_eye":3,"minecraft:spruce_door":1,"darkestsouls:siderite_fragment":6,"minecraft:purple_bed":7,"minecraft:slime_ball":4,"minecraft:stone_axe":15,"twilightforest:raven_feather":2,"minecraft:iron_helmet":13,"darkestsouls:small_soul_fragment":16,"ribbits:umbrella_leaf":1,"minecraft:black_wool":1,"minecraft:coal":677}},"DataVersion":3465}