{"stats":{"minecraft:used":{"minecraft:beetroot":1,"minecraft:iron_shovel":99,"minecraft:chest":14,"minecraft:shield":4,"minecraft:stone":50,"minecraft:spruce_leaves":12,"minecraft:carrot":108,"minecraft:snowball":24,"born_in_chaos_v1:corpse_maggot":1,"minecraft:glass":91,"born_in_chaos_v1:smoked_flesh":1,"minecraft:mangrove_log":4,"minecraft:lantern":20,"minecraft:grass_block":1,"minecraft:light_blue_bed":1,"minecraft:stone_brick_stairs":38,"minecraft:stone_bricks":252,"minecraft:item_frame":5,"minecraft:furnace":9,"minecraft:oak_sapling":18,"minecraft:mangrove_slab":4,"minecraft:egg":1,"minecraft:stone_pickaxe":920,"minecraft:mangrove_planks":148,"minecraft:oak_planks":57,"minecraft:wooden_pickaxe":22,"minecraft:blast_furnace":2,"born_in_chaos_v1:monster_flesh":1,"minecraft:bread":15,"born_in_chaos_v1:smoked_monster_flesh":3,"minecraft:smithing_table":1,"minecraft:bone_meal":9,"minecraft:oak_fence":35,"minecraft:stone_sword":30,"born_in_chaos_v1:ethereal_spirit":5,"minecraft:tropical_fish":3,"minecraft:dried_kelp":5,"minecraft:cooked_salmon":4,"minecraft:stone_hoe":75,"minecraft:cooked_chicken":5,"minecraft:oak_door":9,"minecraft:torch":576,"minecraft:brewing_stand":1,"minecraft:dirt":1461,"minecraft:anvil":1,"minecraft:white_carpet":1,"minecraft:spruce_fence":2,"minecraft:oak_fence_gate":2,"minecraft:stone_brick_slab":1,"minecraft:iron_axe":510,"minecraft:oak_stairs":268,"epicfight:diamond_tachi":317,"minecraft:cooked_beef":9,"minecraft:cobbled_deepslate":3,"minecraft:powder_snow_bucket":2,"minecraft:wheat_seeds":192,"minecraft:cooked_mutton":9,"minecraft:water_bucket":17,"minecraft:cobblestone_stairs":83,"travelersbackpack:coal":2,"minecraft:cauldron":1,"minecraft:cobblestone_slab":16,"minecraft:green_bed":5,"born_in_chaos_v1:stimulating_decoction":1,"minecraft:salmon":5,"minecraft:crafting_table":8,"minecraft:red_bed":1,"minecraft:cod":5,"minecraft:painting":25,"minecraft:smoker":3,"minecraft:oak_log":96,"minecraft:apple":3,"minecraft:iron_pickaxe":312,"minecraft:cobblestone":284,"minecraft:potion":3,"minecraft:cooked_porkchop":8,"minecraft:bucket":20,"minecraft:smooth_stone":1},"minecraft:dropped":{"minecraft:oak_log":1,"minecraft:glass_bottle":3,"minecraft:cooked_porkchop":2,"minecraft:mangrove_planks":7,"minecraft:cod":1,"minecraft:dirt":2,"gravestone:obituary":16,"minecraft:gold_nugget":8,"minecraft:birch_log":2,"minecraft:mangrove_slab":3,"minecraft:gold_ingot":3,"minecraft:bone":10,"minecraft:gravel":1,"minecraft:cobbled_deepslate":65,"born_in_chaos_v1:ethereal_spirit":1,"minecraft:beetroot":1,"minecraft:rotten_flesh":4,"minecraft:oak_planks":4,"minecraft:cooked_mutton":16,"minecraft:carrot":19,"skilltree:traveler_necklace":1,"minecraft:charcoal":27,"minecraft:leather_boots":1,"minecraft:azalea":2,"minecraft:glass":1,"minecraft:bread":1,"minecraft:iron_ingot":30,"minecraft:water_bucket":2,"born_in_chaos_v1:intoxicating_decoction":1,"minecraft:oak_fence":5,"minecraft:cobblestone":34,"minecraft:coal":17,"minecraft:cobweb":4,"minecraft:torch":7,"born_in_chaos_v1:fused_bone":1,"skilltree:gem":8,"minecraft:potion":1,"minecraft:iron_axe":1,"minecraft:bucket":2,"alexsmobs:maggot":1,"minecraft:stone_sword":2,"minecraft:stone_shovel":1,"epicfight:diamond_tachi":2,"born_in_chaos_v1:smoked_monster_flesh":1,"alexsmobs:bear_fur":2,"minecraft:shield":1,"minecraft:purple_bed":1,"minecraft:slime_ball":1,"minecraft:stone_pickaxe":6,"minecraft:light_blue_bed":1},"minecraft:crafted":{"minecraft:smooth_stone":7,"minecraft:oak_planks":640,"minecraft:cooked_chicken":5,"minecraft:cobblestone_stairs":84,"minecraft:stone":276,"minecraft:cooked_mutton":22,"minecraft:glass":85,"minecraft:iron_boots":1,"minecraft:chest":9,"minecraft:stone_hoe":1,"minecraft:stone_bricks":240,"minecraft:oak_fence":33,"minecraft:golden_sword":1,"minecraft:golden_boots":2,"minecraft:smoker":2,"travelersbackpack:coal":1,"minecraft:item_frame":4,"minecraft:cooked_porkchop":21,"minecraft:cauldron":1,"minecraft:crafting_table":4,"minecraft:spruce_planks":24,"skilltree:iron_ring":1,"travelersbackpack:standard":1,"minecraft:iron_helmet":1,"minecraft:raw_gold_block":1,"minecraft:smithing_table":1,"minecraft:painting":4,"minecraft:stone_brick_stairs":36,"minecraft:iron_chestplate":1,"minecraft:shield":1,"skilltree:traveler_necklace":2,"minecraft:stick":280,"minecraft:iron_ingot":107,"minecraft:iron_pickaxe":1,"minecraft:iron_block":3,"minecraft:stone_sword":1,"minecraft:gold_ingot":30,"epicfight:diamond_tachi":2,"minecraft:shears":1,"minecraft:oak_door":3,"minecraft:iron_nugget":63,"skilltree:gilded_quiver":1,"minecraft:furnace":8,"minecraft:blast_furnace":2,"minecraft:bone_meal":9,"born_in_chaos_v1:smoked_monster_flesh":3,"minecraft:lantern":6,"travelersbackpack:white_sleeping_bag":1,"twilightforest:twilight_oak_planks":8,"minecraft:iron_axe":2,"minecraft:stone_pickaxe":10,"skilltree:golden_ring":1,"minecraft:golden_helmet":1,"minecraft:cooked_beef":25,"minecraft:diamond_sword":1,"travelersbackpack:backpack_tank":2,"minecraft:cooked_salmon":4,"minecraft:mangrove_planks":160,"minecraft:stone_axe":3,"minecraft:bread":43,"minecraft:air":0,"minecraft:oak_fence_gate":2,"minecraft:gold_nugget":27,"minecraft:raw_gold":9,"minecraft:oak_stairs":236,"minecraft:iron_shovel":1,"minecraft:iron_leggings":1,"minecraft:anvil":1,"minecraft:torch":560},"minecraft:killed":{"born_in_chaos_v1:mr_pumpkin":2,"born_in_chaos_v1:zombie_lumberjack":1,"born_in_chaos_v1:skeleton_demoman":1,"minecraft:spider":4,"born_in_chaos_v1:siamese_skeletonsright":1,"minecraft:skeleton":5,"minecraft:chicken":5,"darkestsouls:beast_patient":10,"darkestsouls:hollow_longsword":2,"darkestsouls:hollow_assassin":2,"born_in_chaos_v1:firelight_not_despawn":2,"minecraft:pig":9,"alexsmobs:grizzly_bear":1,"minecraft:sheep":12,"darkestsouls:skeleton_spear":1,"born_in_chaos_v1:zombie_fisherman":1,"minecraft:pillager":1,"minecraft:zombie":12,"minecraft:cow":13,"darkestsouls:hollow_axe":2,"darkestsouls:church_doctor":3,"minecraft:slime":1,"born_in_chaos_v1:zombie_bruiser":2,"darkestsouls:hollow_broken_straightsword":1,"darkestsouls:skeleton_falchion":1,"born_in_chaos_v1:baby_skeleton":1,"born_in_chaos_v1:decrepit_skeleton":2,"born_in_chaos_v1:dark_vortex":1,"darkestsouls:cloaked_beast_patient":1,"born_in_chaos_v1:nightmare_stalker":1},"minecraft:custom":{"minecraft:animals_bred":11,"minecraft:interact_with_crafting_table":146,"minecraft:open_barrel":65,"minecraft:eat_cake_slice":1,"minecraft:leave_game":7,"minecraft:time_since_death":1788,"minecraft:sprint_one_cm":4977839,"minecraft:damage_blocked_by_shield":106,"minecraft:drop":100,"minecraft:talked_to_villager":1,"minecraft:play_time":793302,"minecraft:deaths":22,"minecraft:interact_with_brewingstand":6,"minecraft:jump":11213,"minecraft:walk_on_water_one_cm":119074,"minecraft:interact_with_furnace":158,"minecraft:sleep_in_bed":44,"minecraft:damage_dealt":23219,"minecraft:crouch_one_cm":361752,"minecraft:interact_with_smoker":37,"minecraft:use_cauldron":2,"minecraft:interact_with_smithing_table":9,"minecraft:mob_kills":102,"minecraft:interact_with_anvil":8,"minecraft:fill_cauldron":1,"minecraft:damage_dealt_resisted":2452,"minecraft:climb_one_cm":97538,"minecraft:walk_one_cm":4477677,"minecraft:damage_dealt_absorbed":256,"minecraft:sneak_time":46040,"minecraft:walk_under_water_one_cm":33310,"minecraft:interact_with_blast_furnace":39,"minecraft:total_world_time":793302,"minecraft:time_since_rest":1833,"minecraft:damage_taken":8758,"minecraft:swim_one_cm":69169,"minecraft:fly_one_cm":6531803,"minecraft:open_chest":343,"minecraft:fall_one_cm":253560},"minecraft:killed_by":{"darkestsouls:cloaked_beast_patient":1,"minecraft:pillager":1,"darkestsouls:leech":3,"alexsmobs:grizzly_bear":1,"darkestsouls:skeleton_falchion":1,"darkestsouls:ashen_blood_beast_patient":1,"minecraft:skeleton":2,"darkestsouls:beast_patient":2,"cave_dweller:cave_dweller":2,"darkestsouls:hollow_longsword":1,"born_in_chaos_v1:missioner":1},"minecraft:broken":{"minecraft:iron_leggings":1,"minecraft:stone_pickaxe":6,"minecraft:iron_axe":2,"minecraft:iron_pickaxe":1},"minecraft:mined":{"minecraft:cobblestone_stairs":5,"minecraft:brewing_stand":1,"minecraft:granite":2,"minecraft:grass_block":30,"minecraft:smooth_stone":1,"minecraft:iron_ore":107,"minecraft:fire":3,"minecraft:moss_carpet":2,"minecraft:oak_stairs":59,"minecraft:iron_bars":9,"minecraft:azalea":1,"minecraft:stripped_mangrove_wood":2,"minecraft:green_bed":5,"minecraft:red_bed":1,"minecraft:smoker":1,"minecraft:torch":30,"minecraft:poppy":1,"minecraft:chest":6,"twilightforest:twilight_oak_log":2,"minecraft:glass":7,"minecraft:cobblestone":63,"minecraft:oak_planks":43,"minecraft:wall_torch":15,"minecraft:wheat":171,"minecraft:stone_brick_stairs":6,"minecraft:grass":8,"minecraft:oak_log":263,"minecraft:sand":88,"minecraft:dirt":63,"minecraft:mangrove_log":4,"minecraft:oak_leaves":52,"minecraft:deepslate":62,"twilightforest:firefly":1,"minecraft:light_gray_stained_glass_pane":2,"minecraft:oak_door":6,"gravestone:gravestone":9,"minecraft:spruce_fence":2,"minecraft:spruce_leaves":7,"minecraft:moss_block":1,"minecraft:large_fern":2,"twilightforest:trollsteinn":2,"minecraft:furnace":6,"minecraft:carrots":24,"minecraft:cobblestone_slab":4,"minecraft:lantern":6,"minecraft:bamboo":2,"minecraft:stone":608,"minecraft:flowering_azalea":1,"minecraft:mangrove_stairs":2,"minecraft:oak_fence":7,"minecraft:crafting_table":6,"minecraft:emerald_ore":1,"minecraft:tall_grass":1,"minecraft:light_blue_bed":1,"minecraft:ice":1,"minecraft:mangrove_planks":13,"minecraft:mangrove_slab":6,"minecraft:coal_ore":253,"minecraft:gravel":3,"minecraft:stone_bricks":91,"minecraft:fern":5},"minecraft:picked_up":{"minecraft:seagrass":1,"minecraft:iron_chestplate":5,"minecraft:wheat":153,"minecraft:oak_stairs":58,"minecraft:potion":3,"minecraft:stone_brick_stairs":6,"minecraft:brewing_stand":1,"darkestsouls:beast_blood_clump":3,"skilltree:iron_ring":1,"minecraft:iron_leggings":4,"darkestsouls:rune_fragment":4,"minecraft:beetroot":1,"minecraft:smooth_stone":2,"minecraft:gold_nugget":8,"minecraft:cobbled_deepslate":127,"minecraft:bucket":6,"twilightforest:trollsteinn":4,"minecraft:spruce_planks":22,"minecraft:cobblestone_slab":4,"minecraft:azalea":3,"minecraft:mangrove_log":186,"minecraft:furnace":9,"minecraft:golden_helmet":3,"minecraft:stick":19,"minecraft:oak_fence":7,"minecraft:torch":226,"minecraft:green_bed":5,"epicfight:skillbook":1,"minecraft:porkchop":17,"minecraft:dried_kelp":2,"born_in_chaos_v1:nightmare_claw":2,"minecraft:stone_sword":3,"minecraft:rotten_flesh":19,"darkestsouls:titanite_fragment":2,"minecraft:iron_bars":9,"minecraft:snowball":24,"minecraft:cobblestone":1711,"minecraft:birch_log":2,"minecraft:feather":3,"twilightforest:twilight_oak_log":2,"minecraft:water_bucket":6,"minecraft:brown_wool":1,"minecraft:smoker":1,"alexsmobs:bear_fur":2,"minecraft:flint":1,"darkestsouls:cinnabar":3,"skilltree:gem":84,"minecraft:mangrove_slab":9,"minecraft:dirt":171,"minecraft:lantern":14,"born_in_chaos_v1:monster_skin":1,"minecraft:glass":1,"minecraft:bone":23,"minecraft:wheat_seeds":441,"minecraft:raw_gold":30,"skilltree:gilded_quiver":1,"minecraft:bamboo":18,"minecraft:moss_block":1,"minecraft:oak_planks":45,"darkestsouls:bone_fragment":2,"minecraft:sand":105,"minecraft:mossy_cobblestone":1,"skilltree:traveler_necklace":1,"born_in_chaos_v1:fire_dust":4,"minecraft:granite":4,"minecraft:bread":5,"minecraft:emerald":3,"alexsmobs:maggot":2,"minecraft:oak_sapling":33,"minecraft:charcoal":27,"minecraft:crafting_table":8,"born_in_chaos_v1:smoked_monster_flesh":1,"minecraft:chicken":5,"gravestone:obituary":6,"minecraft:shield":5,"minecraft:red_bed":1,"minecraft:moss_carpet":2,"minecraft:iron_axe":1,"minecraft:white_carpet":16,"born_in_chaos_v1:intoxicating_decoction":1,"minecraft:item_frame":1,"skilltree:golden_ring":1,"minecraft:beef":25,"minecraft:iron_nugget":2,"minecraft:poppy":1,"minecraft:light_gray_wool":1,"minecraft:chest":6,"minecraft:egg":1,"minecraft:raw_iron":107,"minecraft:stripped_mangrove_wood":2,"minecraft:oak_door":6,"darkestsouls:soul_fragment":6,"minecraft:spruce_fence":2,"minecraft:carrot":126,"minecraft:light_blue_bed":2,"twilightforest:firefly":2,"minecraft:arrow":3,"minecraft:stone_shovel":1,"minecraft:gold_ingot":17,"minecraft:mutton":22,"minecraft:white_wool":7,"born_in_chaos_v1:fused_bone":1,"born_in_chaos_v1:corpse_maggot":1,"born_in_chaos_v1:monster_flesh":11,"minecraft:salmon":7,"minecraft:leather":14,"minecraft:oak_log":266,"minecraft:golden_boots":2,"minecraft:cobblestone_stairs":5,"minecraft:cooked_mutton":16,"darkestsouls:dark_fragment":3,"minecraft:gray_carpet":2,"minecraft:apple":3,"minecraft:stone_bricks":92,"born_in_chaos_v1:smoked_flesh":3,"minecraft:iron_ingot":66,"minecraft:stone_pickaxe":16,"minecraft:cooked_chicken":1,"minecraft:cobweb":2,"minecraft:mangrove_planks":34,"minecraft:stone_brick_slab":1,"born_in_chaos_v1:ethereal_spirit":4,"minecraft:gravel":7,"epicfight:diamond_tachi":6,"minecraft:purple_bed":1,"minecraft:slime_ball":10,"minecraft:painting":21,"minecraft:gray_wool":3,"minecraft:coal":473}},"DataVersion":3465}