{"stats":{"minecraft:used":{"minecraft:beetroot":1,"minecraft:iron_shovel":99,"minecraft:chest":14,"minecraft:shield":4,"minecraft:stone":50,"minecraft:carrot":96,"minecraft:snowball":24,"minecraft:glass":91,"born_in_chaos_v1:smoked_flesh":1,"minecraft:mangrove_log":4,"minecraft:lantern":20,"minecraft:grass_block":1,"minecraft:light_blue_bed":1,"minecraft:stone_brick_stairs":38,"minecraft:stone_bricks":252,"minecraft:item_frame":1,"minecraft:furnace":9,"minecraft:oak_sapling":17,"minecraft:mangrove_slab":4,"minecraft:egg":1,"minecraft:stone_pickaxe":625,"minecraft:mangrove_planks":148,"minecraft:oak_planks":57,"minecraft:wooden_pickaxe":22,"minecraft:blast_furnace":2,"born_in_chaos_v1:monster_flesh":1,"minecraft:bread":8,"born_in_chaos_v1:smoked_monster_flesh":3,"minecraft:smithing_table":1,"minecraft:bone_meal":7,"minecraft:oak_fence":31,"minecraft:stone_sword":30,"born_in_chaos_v1:ethereal_spirit":5,"minecraft:tropical_fish":3,"minecraft:dried_kelp":5,"minecraft:cooked_salmon":4,"minecraft:stone_hoe":75,"minecraft:cooked_chicken":4,"minecraft:oak_door":9,"minecraft:torch":494,"minecraft:brewing_stand":1,"minecraft:dirt":1434,"minecraft:anvil":1,"minecraft:white_carpet":1,"minecraft:spruce_fence":2,"minecraft:oak_fence_gate":2,"minecraft:iron_axe":404,"minecraft:oak_stairs":268,"epicfight:diamond_tachi":226,"minecraft:cooked_beef":7,"minecraft:cobbled_deepslate":3,"minecraft:powder_snow_bucket":2,"minecraft:wheat_seeds":118,"minecraft:cooked_mutton":3,"minecraft:water_bucket":14,"minecraft:cobblestone_stairs":83,"minecraft:cauldron":1,"minecraft:cobblestone_slab":16,"minecraft:green_bed":5,"born_in_chaos_v1:stimulating_decoction":1,"minecraft:salmon":5,"minecraft:crafting_table":7,"minecraft:red_bed":1,"minecraft:cod":5,"minecraft:smoker":3,"minecraft:oak_log":92,"minecraft:apple":3,"minecraft:iron_pickaxe":312,"minecraft:cobblestone":196,"minecraft:potion":3,"minecraft:cooked_porkchop":5,"minecraft:bucket":16,"minecraft:smooth_stone":1},"minecraft:dropped":{"minecraft:oak_log":1,"minecraft:glass_bottle":3,"minecraft:cooked_porkchop":2,"minecraft:mangrove_planks":7,"minecraft:cod":1,"minecraft:dirt":2,"minecraft:gold_nugget":8,"minecraft:birch_log":2,"minecraft:mangrove_slab":3,"minecraft:gold_ingot":3,"minecraft:bone":10,"minecraft:gravel":1,"minecraft:cobbled_deepslate":65,"born_in_chaos_v1:ethereal_spirit":1,"minecraft:beetroot":1,"minecraft:rotten_flesh":4,"minecraft:oak_planks":4,"minecraft:carrot":19,"minecraft:charcoal":27,"skilltree:traveler_necklace":1,"minecraft:leather_boots":1,"minecraft:glass":1,"minecraft:bread":1,"minecraft:water_bucket":2,"minecraft:iron_ingot":30,"born_in_chaos_v1:intoxicating_decoction":1,"minecraft:oak_fence":5,"minecraft:cobblestone":34,"minecraft:coal":17,"minecraft:cobweb":4,"minecraft:torch":6,"born_in_chaos_v1:fused_bone":1,"skilltree:gem":6,"minecraft:potion":1,"minecraft:iron_axe":1,"minecraft:bucket":2,"alexsmobs:maggot":1,"minecraft:stone_sword":2,"minecraft:stone_shovel":1,"epicfight:diamond_tachi":2,"born_in_chaos_v1:smoked_monster_flesh":1,"alexsmobs:bear_fur":2,"minecraft:shield":1,"minecraft:purple_bed":1,"minecraft:stone_pickaxe":4,"minecraft:light_blue_bed":1},"minecraft:crafted":{"minecraft:smooth_stone":7,"minecraft:oak_planks":588,"minecraft:cooked_chicken":4,"minecraft:cobblestone_stairs":84,"minecraft:stone":276,"minecraft:cooked_mutton":4,"minecraft:glass":85,"minecraft:iron_boots":1,"minecraft:chest":9,"minecraft:stone_hoe":1,"minecraft:stone_bricks":240,"minecraft:oak_fence":33,"minecraft:golden_boots":2,"minecraft:smoker":2,"minecraft:cooked_porkchop":8,"minecraft:cauldron":1,"minecraft:crafting_table":3,"minecraft:spruce_planks":24,"skilltree:iron_ring":1,"minecraft:iron_helmet":1,"minecraft:raw_gold_block":1,"minecraft:smithing_table":1,"minecraft:stone_brick_stairs":36,"minecraft:iron_chestplate":1,"minecraft:shield":1,"skilltree:traveler_necklace":2,"minecraft:stick":188,"minecraft:iron_ingot":105,"minecraft:iron_pickaxe":1,"minecraft:iron_block":3,"minecraft:stone_sword":1,"minecraft:gold_ingot":30,"epicfight:diamond_tachi":2,"minecraft:oak_door":3,"minecraft:iron_nugget":63,"skilltree:gilded_quiver":1,"minecraft:furnace":7,"minecraft:blast_furnace":2,"minecraft:bone_meal":9,"born_in_chaos_v1:smoked_monster_flesh":3,"minecraft:lantern":6,"twilightforest:twilight_oak_planks":8,"minecraft:iron_axe":2,"minecraft:stone_pickaxe":9,"skilltree:golden_ring":1,"minecraft:golden_helmet":1,"minecraft:cooked_beef":17,"minecraft:diamond_sword":1,"travelersbackpack:backpack_tank":2,"minecraft:cooked_salmon":4,"minecraft:mangrove_planks":160,"minecraft:stone_axe":3,"minecraft:bread":20,"minecraft:air":0,"minecraft:oak_fence_gate":2,"minecraft:gold_nugget":27,"minecraft:raw_gold":9,"minecraft:oak_stairs":236,"minecraft:iron_shovel":1,"minecraft:iron_leggings":1,"minecraft:anvil":1,"minecraft:torch":500},"minecraft:killed":{"born_in_chaos_v1:mr_pumpkin":2,"born_in_chaos_v1:zombie_lumberjack":1,"born_in_chaos_v1:skeleton_demoman":1,"minecraft:spider":3,"born_in_chaos_v1:siamese_skeletonsright":1,"minecraft:skeleton":3,"minecraft:chicken":5,"darkestsouls:beast_patient":1,"darkestsouls:hollow_longsword":1,"darkestsouls:hollow_assassin":1,"born_in_chaos_v1:firelight_not_despawn":2,"minecraft:pig":5,"alexsmobs:grizzly_bear":1,"minecraft:sheep":12,"minecraft:pillager":1,"minecraft:zombie":4,"minecraft:cow":13,"darkestsouls:hollow_axe":2,"darkestsouls:church_doctor":1,"born_in_chaos_v1:zombie_bruiser":1,"darkestsouls:hollow_broken_straightsword":1,"darkestsouls:skeleton_falchion":1,"born_in_chaos_v1:baby_skeleton":1,"born_in_chaos_v1:decrepit_skeleton":2,"born_in_chaos_v1:dark_vortex":1,"born_in_chaos_v1:nightmare_stalker":1},"minecraft:custom":{"minecraft:animals_bred":8,"minecraft:interact_with_crafting_table":133,"minecraft:open_barrel":65,"minecraft:eat_cake_slice":1,"minecraft:leave_game":5,"minecraft:time_since_death":11065,"minecraft:sprint_one_cm":3718266,"minecraft:damage_blocked_by_shield":106,"minecraft:drop":75,"minecraft:talked_to_villager":1,"minecraft:play_time":643611,"minecraft:deaths":11,"minecraft:interact_with_brewingstand":6,"minecraft:jump":8303,"minecraft:walk_on_water_one_cm":89909,"minecraft:interact_with_furnace":154,"minecraft:sleep_in_bed":35,"minecraft:damage_dealt":13369,"minecraft:crouch_one_cm":342898,"minecraft:interact_with_smoker":25,"minecraft:use_cauldron":2,"minecraft:interact_with_smithing_table":9,"minecraft:mob_kills":69,"minecraft:interact_with_anvil":7,"minecraft:fill_cauldron":1,"minecraft:damage_dealt_resisted":996,"minecraft:climb_one_cm":73381,"minecraft:walk_one_cm":3606991,"minecraft:damage_dealt_absorbed":184,"minecraft:sneak_time":41222,"minecraft:walk_under_water_one_cm":20283,"minecraft:interact_with_blast_furnace":30,"minecraft:total_world_time":643611,"minecraft:time_since_rest":11133,"minecraft:damage_taken":4919,"minecraft:swim_one_cm":50274,"minecraft:fly_one_cm":5526400,"minecraft:open_chest":284,"minecraft:fall_one_cm":180999},"minecraft:killed_by":{"darkestsouls:cloaked_beast_patient":1,"minecraft:pillager":1,"darkestsouls:leech":3,"cave_dweller:cave_dweller":1},"minecraft:broken":{"minecraft:stone_pickaxe":4,"minecraft:iron_axe":1,"minecraft:iron_pickaxe":1},"minecraft:mined":{"minecraft:cobblestone_stairs":5,"minecraft:brewing_stand":1,"minecraft:granite":2,"minecraft:grass_block":14,"minecraft:smooth_stone":1,"minecraft:iron_ore":106,"minecraft:fire":3,"minecraft:moss_carpet":2,"minecraft:oak_stairs":59,"minecraft:iron_bars":9,"minecraft:stripped_mangrove_wood":2,"minecraft:green_bed":5,"minecraft:red_bed":1,"minecraft:smoker":1,"minecraft:torch":25,"minecraft:poppy":1,"minecraft:chest":6,"twilightforest:twilight_oak_log":2,"minecraft:glass":7,"minecraft:cobblestone":36,"minecraft:oak_planks":43,"minecraft:wall_torch":15,"minecraft:wheat":92,"minecraft:stone_brick_stairs":6,"minecraft:grass":8,"minecraft:oak_log":248,"minecraft:sand":88,"minecraft:dirt":37,"minecraft:mangrove_log":4,"minecraft:oak_leaves":52,"minecraft:deepslate":62,"twilightforest:firefly":1,"minecraft:light_gray_stained_glass_pane":2,"minecraft:oak_door":6,"gravestone:gravestone":3,"minecraft:spruce_fence":2,"minecraft:spruce_leaves":7,"twilightforest:trollsteinn":2,"minecraft:large_fern":2,"minecraft:furnace":6,"minecraft:carrots":20,"minecraft:cobblestone_slab":4,"minecraft:lantern":6,"minecraft:bamboo":2,"minecraft:stone":426,"minecraft:mangrove_stairs":2,"minecraft:oak_fence":3,"minecraft:crafting_table":5,"minecraft:emerald_ore":1,"minecraft:light_blue_bed":1,"minecraft:ice":1,"minecraft:mangrove_planks":13,"minecraft:mangrove_slab":6,"minecraft:coal_ore":172,"minecraft:gravel":1,"minecraft:stone_bricks":91,"minecraft:fern":5},"minecraft:picked_up":{"minecraft:seagrass":1,"minecraft:iron_chestplate":5,"minecraft:wheat":77,"minecraft:oak_stairs":58,"minecraft:potion":3,"minecraft:stone_brick_stairs":6,"minecraft:brewing_stand":1,"minecraft:iron_leggings":4,"minecraft:beetroot":1,"minecraft:smooth_stone":2,"minecraft:gold_nugget":8,"minecraft:cobbled_deepslate":127,"minecraft:bucket":6,"twilightforest:trollsteinn":4,"minecraft:spruce_planks":22,"minecraft:cobblestone_slab":4,"minecraft:mangrove_log":186,"minecraft:furnace":9,"minecraft:golden_helmet":3,"minecraft:stick":19,"minecraft:oak_fence":3,"minecraft:torch":217,"minecraft:green_bed":5,"minecraft:porkchop":8,"minecraft:dried_kelp":2,"born_in_chaos_v1:nightmare_claw":2,"minecraft:stone_sword":3,"minecraft:rotten_flesh":6,"darkestsouls:titanite_fragment":2,"minecraft:iron_bars":9,"minecraft:snowball":24,"minecraft:cobblestone":1492,"minecraft:birch_log":2,"minecraft:feather":3,"twilightforest:twilight_oak_log":2,"minecraft:water_bucket":6,"minecraft:brown_wool":1,"minecraft:smoker":1,"alexsmobs:bear_fur":2,"darkestsouls:cinnabar":3,"skilltree:gem":70,"minecraft:mangrove_slab":9,"minecraft:dirt":115,"minecraft:lantern":14,"born_in_chaos_v1:monster_skin":1,"minecraft:glass":1,"minecraft:bone":21,"minecraft:wheat_seeds":233,"minecraft:raw_gold":30,"minecraft:bamboo":18,"minecraft:oak_planks":45,"minecraft:sand":105,"born_in_chaos_v1:fire_dust":4,"minecraft:granite":2,"minecraft:bread":5,"minecraft:emerald":3,"alexsmobs:maggot":2,"minecraft:oak_sapling":32,"minecraft:charcoal":27,"minecraft:crafting_table":7,"born_in_chaos_v1:smoked_monster_flesh":1,"minecraft:chicken":5,"minecraft:shield":5,"minecraft:red_bed":1,"minecraft:moss_carpet":2,"minecraft:iron_axe":1,"minecraft:white_carpet":16,"born_in_chaos_v1:intoxicating_decoction":1,"minecraft:item_frame":1,"minecraft:beef":25,"minecraft:iron_nugget":2,"minecraft:poppy":1,"minecraft:light_gray_wool":1,"minecraft:chest":6,"minecraft:egg":1,"minecraft:raw_iron":106,"minecraft:stripped_mangrove_wood":2,"minecraft:oak_door":6,"darkestsouls:soul_fragment":6,"minecraft:spruce_fence":2,"minecraft:carrot":110,"minecraft:light_blue_bed":2,"twilightforest:firefly":1,"minecraft:arrow":2,"minecraft:stone_shovel":1,"minecraft:gold_ingot":17,"minecraft:mutton":22,"minecraft:white_wool":7,"born_in_chaos_v1:fused_bone":1,"born_in_chaos_v1:monster_flesh":11,"minecraft:salmon":7,"minecraft:leather":14,"minecraft:oak_log":249,"minecraft:golden_boots":2,"minecraft:cobblestone_stairs":5,"darkestsouls:dark_fragment":3,"minecraft:gray_carpet":2,"minecraft:apple":3,"minecraft:stone_bricks":92,"born_in_chaos_v1:smoked_flesh":3,"minecraft:iron_ingot":66,"minecraft:stone_pickaxe":14,"minecraft:cobweb":2,"minecraft:mangrove_planks":34,"born_in_chaos_v1:ethereal_spirit":4,"minecraft:gravel":4,"epicfight:diamond_tachi":6,"minecraft:purple_bed":1,"minecraft:slime_ball":9,"minecraft:gray_wool":3,"minecraft:coal":391}},"DataVersion":3465}