{"stats":{"minecraft:used":{"minecraft:spruce_slab":408,"minecraft:ladder":20,"minecraft:chest":1,"minecraft:iron_sword":568,"minecraft:carrot":13,"minecraft:spruce_boat":1,"minecraft:mangrove_log":1,"minecraft:stone_bricks":33,"minecraft:item_frame":1,"minecraft:furnace":1,"epicfight:skillbook":4,"minecraft:diorite":1,"minecraft:spruce_door":1,"minecraft:stone_pickaxe":491,"minecraft:mangrove_planks":11,"minecraft:oak_planks":79,"minecraft:dark_oak_trapdoor":1,"minecraft:mushroom_stew":1,"minecraft:cyan_bed":2,"minecraft:bread":10,"minecraft:cyan_carpet":1,"minecraft:cooked_rabbit":1,"ribbits:swamp_lantern":2,"minecraft:stone_sword":542,"minecraft:flint_and_steel":24,"minecraft:tropical_fish":1,"minecraft:spruce_planks":418,"minecraft:cooked_salmon":2,"minecraft:cooked_chicken":4,"minecraft:torch":45,"minecraft:dirt":94,"minecraft:spruce_stairs":15,"minecraft:nether_brick_slab":1,"minecraft:spruce_fence":39,"minecraft:nether_brick_stairs":4,"minecraft:birch_door":1,"minecraft:wooden_axe":1,"minecraft:stone_brick_slab":181,"minecraft:dark_oak_planks":2,"minecraft:iron_axe":289,"minecraft:waxed_cut_copper_slab":1,"minecraft:cooked_beef":2,"minecraft:cobbled_deepslate":89,"minecraft:light_gray_bed":2,"minecraft:mangrove_boat":1,"minecraft:calcite":28,"minecraft:cooked_mutton":1,"minecraft:rabbit":1,"minecraft:birch_planks":5,"minecraft:baked_potato":1,"minecraft:green_bed":4,"minecraft:cobblestone_slab":2,"minecraft:salmon":1,"minecraft:mangrove_trapdoor":2,"minecraft:tnt":3,"minecraft:crafting_table":15,"minecraft:red_bed":1,"minecraft:cod":13,"minecraft:mangrove_sign":1,"minecraft:cake":1,"minecraft:oak_log":102,"minecraft:mud":1,"minecraft:apple":11,"minecraft:iron_pickaxe":5,"minecraft:stone_axe":591,"minecraft:cobblestone":354,"minecraft:purple_bed":1,"minecraft:cooked_porkchop":8,"minecraft:porkchop":4,"minecraft:pumpkin_pie":7},"minecraft:dropped":{"minecraft:nether_brick_stairs":4,"minecraft:stripped_mangrove_wood":1,"gravestone:obituary":27,"minecraft:fishing_rod":1,"minecraft:white_wool":1,"minecraft:mangrove_slab":9,"minecraft:cyan_carpet":15,"minecraft:stone_axe":3,"minecraft:waxed_cut_copper_stairs":3,"minecraft:wheat":4,"minecraft:rotten_flesh":19,"minecraft:mangrove_sign":3,"minecraft:salmon":7,"minecraft:carrot":5,"minecraft:mangrove_fence":3,"minecraft:mangrove_log":4,"minecraft:birch_trapdoor":2,"minecraft:skeleton_skull":2,"born_in_chaos_v1:corpse_maggot":1,"minecraft:painting":1,"minecraft:spruce_slab":1,"minecraft:wheat_seeds":4,"minecraft:mangrove_trapdoor":2,"minecraft:smooth_quartz_stairs":2,"minecraft:feather":4,"minecraft:cobblestone":2,"minecraft:spruce_stairs":1,"minecraft:torch":2,"minecraft:cherry_planks":8,"ribbits:giant_lilypad":6,"minecraft:gray_carpet":2,"minecraft:spruce_sapling":4,"minecraft:redstone":77,"minecraft:furnace":1,"minecraft:nether_brick_slab":2,"minecraft:stone_sword":1,"minecraft:raw_copper":27,"minecraft:bowl":1,"minecraft:iron_boots":2,"darkestsouls:throwing_knife":6,"minecraft:spruce_planks":4,"minecraft:iron_chestplate":1,"minecraft:slime_ball":9,"minecraft:calcite":1},"minecraft:crafted":{"minecraft:oak_planks":96,"minecraft:cobblestone_slab":150,"minecraft:mangrove_boat":1,"minecraft:stone":181,"minecraft:cooked_mutton":1,"minecraft:stone_brick_slab":240,"minecraft:chest":1,"minecraft:stone_bricks":140,"minecraft:cooked_rabbit":1,"minecraft:cooked_porkchop":13,"minecraft:crafting_table":8,"minecraft:spruce_planks":392,"minecraft:birch_planks":16,"minecraft:iron_chestplate":2,"minecraft:stick":72,"born_in_chaos_v1:smoked_flesh":2,"minecraft:stone_sword":5,"minecraft:cherry_planks":8,"minecraft:furnace":1,"minecraft:spruce_fence":33,"minecraft:spruce_stairs":20,"minecraft:iron_axe":2,"minecraft:spruce_slab":366,"minecraft:stone_pickaxe":3,"minecraft:spruce_boat":1,"minecraft:cooked_beef":2,"minecraft:iron_sword":3,"minecraft:mangrove_planks":184,"minecraft:stone_axe":6,"minecraft:air":0,"minecraft:iron_leggings":1,"minecraft:torch":76},"minecraft:killed":{"darkestsouls:beast_patient":1,"minecraft:pig":8,"minecraft:sheep":1,"minecraft:cow":1,"born_in_chaos_v1:maggot":5,"minecraft:husk":35},"minecraft:custom":{"minecraft:interact_with_crafting_table":60,"minecraft:open_barrel":63,"minecraft:eat_cake_slice":3,"minecraft:leave_game":10,"minecraft:time_since_death":16473,"minecraft:damage_resisted":92,"minecraft:sprint_one_cm":1873658,"minecraft:drop":97,"minecraft:play_time":539934,"minecraft:deaths":36,"minecraft:jump":6543,"minecraft:interact_with_brewingstand":1,"minecraft:walk_on_water_one_cm":177056,"minecraft:interact_with_furnace":28,"minecraft:interact_with_cartography_table":1,"minecraft:sleep_in_bed":21,"minecraft:damage_dealt":14754,"minecraft:crouch_one_cm":176022,"minecraft:interact_with_smoker":4,"minecraft:inspect_dispenser":1,"minecraft:interact_with_smithing_table":1,"minecraft:interact_with_anvil":2,"minecraft:mob_kills":54,"minecraft:damage_dealt_resisted":148,"minecraft:climb_one_cm":54939,"minecraft:walk_one_cm":3736759,"minecraft:sneak_time":35958,"minecraft:walk_under_water_one_cm":17347,"minecraft:interact_with_blast_furnace":16,"minecraft:total_world_time":539934,"minecraft:tune_noteblock":3,"minecraft:time_since_rest":16538,"minecraft:damage_taken":8547,"minecraft:swim_one_cm":65206,"minecraft:fly_one_cm":1714389,"minecraft:open_chest":131,"minecraft:fall_one_cm":147964},"minecraft:killed_by":{"born_in_chaos_v1:nightmare_stalker":2,"darkestsouls:cloaked_beast_patient":1,"minecraft:vindicator":1,"darkestsouls:leech":2,"minecraft:husk":21,"darkestsouls:sewer_centipede":3,"minecraft:skeleton":2,"darkestsouls:beast_patient":1,"cave_dweller:cave_dweller":1},"minecraft:broken":{"minecraft:iron_boots":1,"minecraft:iron_leggings":1,"minecraft:stone_pickaxe":3,"minecraft:stone_axe":3,"minecraft:iron_sword":2,"minecraft:stone_sword":4,"minecraft:iron_axe":1,"minecraft:iron_helmet":1},"minecraft:mined":{"minecraft:dark_oak_planks":12,"minecraft:waxed_cut_copper_slab":1,"minecraft:spruce_planks":382,"minecraft:granite":5,"minecraft:budding_amethyst":5,"minecraft:grass_block":5,"minecraft:mangrove_fence":1,"minecraft:light_gray_bed":2,"minecraft:deepslate_bricks":3,"minecraft:spawner":7,"minecraft:dark_oak_trapdoor":9,"minecraft:cobbled_deepslate":67,"minecraft:iron_ore":7,"minecraft:fire":188,"minecraft:nether_brick_stairs":5,"minecraft:dark_oak_stairs":1,"minecraft:cave_vines":2,"minecraft:azalea":1,"minecraft:stripped_mangrove_wood":18,"minecraft:spruce_slab":52,"minecraft:green_bed":3,"minecraft:waxed_cut_copper_stairs":5,"minecraft:red_bed":1,"minecraft:powder_snow":17,"minecraft:clay":1,"minecraft:torch":3,"minecraft:calcite":33,"minecraft:nether_brick_slab":5,"minecraft:cobblestone":129,"minecraft:cyan_bed":3,"minecraft:wall_torch":4,"minecraft:amethyst_block":111,"minecraft:mud":1,"minecraft:birch_log":5,"minecraft:wheat":1,"minecraft:birch_trapdoor":3,"minecraft:tnt":2,"minecraft:grass":16,"minecraft:oak_log":68,"minecraft:dirt":45,"minecraft:crimson_planks":13,"minecraft:mangrove_log":51,"minecraft:dispenser":1,"minecraft:polished_deepslate_wall":2,"minecraft:cyan_candle":1,"gravestone:gravestone":22,"minecraft:purple_terracotta":2,"minecraft:spruce_fence":39,"minecraft:jungle_planks":1,"minecraft:mangrove_trapdoor":4,"minecraft:spruce_leaves":30,"minecraft:rooted_dirt":1,"minecraft:large_fern":1,"minecraft:peony":1,"minecraft:deepslate_iron_ore":2,"minecraft:vine":6,"minecraft:rail":9,"minecraft:smooth_quartz_stairs":1,"minecraft:cake":1,"minecraft:brown_carpet":1,"minecraft:stone_brick_slab":41,"minecraft:spruce_door":1,"minecraft:crafting_table":10,"minecraft:rose_bush":1,"minecraft:tall_grass":1,"minecraft:diorite":2,"minecraft:blue_bed":1,"minecraft:spruce_stairs":11,"minecraft:purple_bed":1,"minecraft:spruce_log":208,"minecraft:mangrove_leaves":5,"minecraft:mangrove_slab":2,"minecraft:coal_ore":10,"ribbits:brown_toadstool":1,"minecraft:cyan_carpet":10,"minecraft:cobweb":1,"minecraft:stone_bricks":4,"minecraft:fern":4},"minecraft:picked_up":{"minecraft:iron_chestplate":1,"minecraft:birch_door":1,"minecraft:wheat":5,"minecraft:prismarine_shard":4,"minecraft:lead":2,"minecraft:crimson_planks":23,"minecraft:polished_deepslate_wall":2,"minecraft:amethyst_block":107,"minecraft:string":1,"minecraft:dark_oak_trapdoor":1,"minecraft:waxed_cut_copper_slab":1,"minecraft:raw_copper":80,"minecraft:cooked_salmon":5,"minecraft:iron_leggings":1,"minecraft:cobbled_deepslate":374,"minecraft:spruce_planks":345,"minecraft:calcite":30,"minecraft:smooth_quartz_stairs":3,"minecraft:mangrove_log":85,"minecraft:iron_boots":1,"minecraft:furnace":1,"minecraft:stick":28,"minecraft:birch_trapdoor":5,"minecraft:torch":14,"minecraft:green_bed":4,"minecraft:spruce_stairs":27,"epicfight:skillbook":2,"minecraft:porkchop":15,"minecraft:cherry_log":2,"minecraft:diorite":1,"minecraft:waxed_cut_copper_stairs":5,"minecraft:stone_sword":4,"minecraft:light_gray_bed":2,"minecraft:rotten_flesh":57,"minecraft:cod":1,"minecraft:cobblestone":410,"minecraft:birch_log":4,"minecraft:cooked_beef":6,"minecraft:feather":4,"minecraft:flint":10,"minecraft:mangrove_slab":12,"minecraft:dirt":88,"born_in_chaos_v1:monster_skin":1,"minecraft:mangrove_fence":3,"minecraft:bone":14,"ribbits:brown_toadstool":1,"minecraft:wheat_seeds":5,"minecraft:dark_oak_sign":1,"minecraft:rabbit":2,"minecraft:oak_planks":79,"minecraft:cooked_porkchop":1,"minecraft:jungle_planks":2,"minecraft:nether_brick_stairs":8,"minecraft:cyan_bed":2,"minecraft:dispenser":1,"minecraft:granite":3,"minecraft:spruce_sign":1,"minecraft:bread":1,"minecraft:rooted_dirt":1,"alexsmobs:maggot":1,"minecraft:mud":1,"minecraft:crafting_table":12,"minecraft:ladder":20,"minecraft:clay_ball":4,"minecraft:turtle_helmet":1,"gravestone:obituary":12,"minecraft:red_bed":1,"minecraft:flint_and_steel":3,"minecraft:item_frame":1,"minecraft:cyan_carpet":17,"minecraft:beef":2,"minecraft:spruce_slab":54,"minecraft:raw_iron":9,"minecraft:stripped_mangrove_wood":15,"minecraft:stone":3,"ribbits:giant_lilypad":6,"minecraft:spruce_fence":72,"minecraft:mangrove_sign":7,"minecraft:carrot":27,"minecraft:redstone":2,"minecraft:mangrove_trapdoor":8,"minecraft:dark_oak_planks":10,"minecraft:tnt":3,"minecraft:cooked_cod":4,"minecraft:arrow":2,"ribbits:swamp_lantern":2,"minecraft:deepslate_bricks":3,"minecraft:mutton":1,"minecraft:rail":9,"minecraft:skeleton_skull":1,"minecraft:white_wool":1,"born_in_chaos_v1:corpse_maggot":7,"born_in_chaos_v1:monster_flesh":1,"minecraft:salmon":1,"alexsmobs:cachalot_whale_tooth":1,"minecraft:oak_log":67,"minecraft:gunpowder":6,"minecraft:blue_bed":1,"minecraft:gray_carpet":2,"minecraft:apple":18,"minecraft:stone_bricks":41,"minecraft:iron_ingot":1,"minecraft:stone_pickaxe":4,"minecraft:cooked_chicken":7,"minecraft:iron_sword":1,"minecraft:stone_brick_slab":46,"minecraft:amethyst_shard":4,"minecraft:spruce_sapling":4,"minecraft:spruce_log":199,"minecraft:nether_brick_slab":3,"minecraft:spruce_door":1,"minecraft:purple_bed":1,"minecraft:slime_ball":9,"minecraft:stone_axe":3,"minecraft:painting":1,"minecraft:baked_potato":1,"minecraft:coal":27,"darkestsouls:throwing_knife":6}},"DataVersion":3465}