{"stats":{"minecraft:broken":{"minecraft:stone_sword":4,"minecraft:iron_boots":1,"minecraft:stone_pickaxe":3,"minecraft:iron_axe":1,"minecraft:stone_axe":3,"minecraft:iron_sword":2,"minecraft:iron_helmet":1},"minecraft:dropped":{"minecraft:stripped_mangrove_wood":1,"minecraft:wheat_seeds":3,"minecraft:mangrove_trapdoor":2,"minecraft:smooth_quartz_stairs":2,"minecraft:feather":4,"minecraft:cobblestone":2,"minecraft:spruce_stairs":1,"minecraft:torch":2,"minecraft:cherry_planks":8,"gravestone:obituary":8,"ribbits:giant_lilypad":6,"minecraft:spruce_sapling":4,"minecraft:fishing_rod":1,"minecraft:cyan_carpet":1,"minecraft:mangrove_slab":9,"minecraft:gray_carpet":2,"minecraft:white_wool":1,"minecraft:furnace":1,"minecraft:stone_axe":2,"minecraft:waxed_cut_copper_stairs":3,"minecraft:stone_sword":1,"minecraft:raw_copper":27,"minecraft:bowl":1,"minecraft:wheat":4,"minecraft:rotten_flesh":18,"minecraft:iron_boots":2,"darkestsouls:throwing_knife":6,"minecraft:salmon":7,"minecraft:carrot":5,"minecraft:mangrove_fence":3,"minecraft:mangrove_log":4,"minecraft:birch_trapdoor":2,"minecraft:spruce_planks":4,"minecraft:skeleton_skull":2,"minecraft:iron_chestplate":1,"born_in_chaos_v1:corpse_maggot":1,"minecraft:spruce_slab":1,"minecraft:slime_ball":9,"minecraft:nether_brick_stairs":4},"minecraft:killed":{"born_in_chaos_v1:maggot":5,"darkestsouls:beast_patient":1,"minecraft:husk":35,"minecraft:pig":8,"minecraft:sheep":1,"minecraft:cow":1},"minecraft:custom":{"minecraft:interact_with_smithing_table":1,"minecraft:interact_with_anvil":2,"minecraft:mob_kills":54,"minecraft:interact_with_crafting_table":57,"minecraft:open_barrel":55,"minecraft:damage_dealt_resisted":148,"minecraft:eat_cake_slice":3,"minecraft:leave_game":9,"minecraft:time_since_death":101009,"minecraft:climb_one_cm":48361,"minecraft:damage_resisted":92,"minecraft:sprint_one_cm":1639505,"minecraft:walk_one_cm":3270374,"minecraft:drop":64,"minecraft:walk_under_water_one_cm":11497,"minecraft:play_time":448227,"minecraft:deaths":33,"minecraft:sneak_time":27709,"minecraft:jump":5836,"minecraft:interact_with_brewingstand":1,"minecraft:interact_with_blast_furnace":16,"minecraft:walk_on_water_one_cm":153339,"minecraft:total_world_time":448227,"minecraft:interact_with_furnace":28,"minecraft:tune_noteblock":1,"minecraft:sleep_in_bed":20,"minecraft:time_since_rest":9474,"minecraft:damage_taken":7969,"minecraft:damage_dealt":14754,"minecraft:fly_one_cm":1564787,"minecraft:open_chest":120,"minecraft:crouch_one_cm":143339,"minecraft:interact_with_smoker":4,"minecraft:fall_one_cm":127688,"minecraft:inspect_dispenser":1},"minecraft:used":{"minecraft:stone_sword":542,"minecraft:flint_and_steel":24,"minecraft:tropical_fish":1,"minecraft:spruce_slab":354,"minecraft:ladder":20,"minecraft:chest":1,"minecraft:spruce_planks":256,"minecraft:iron_sword":568,"minecraft:cooked_chicken":4,"minecraft:cooked_salmon":2,"minecraft:torch":44,"minecraft:dirt":91,"minecraft:spruce_stairs":15,"minecraft:carrot":13,"minecraft:spruce_fence":39,"minecraft:nether_brick_stairs":4,"minecraft:birch_door":1,"minecraft:spruce_boat":1,"minecraft:stone_brick_slab":180,"minecraft:dark_oak_planks":1,"minecraft:mangrove_log":1,"minecraft:iron_axe":289,"minecraft:stone_bricks":1,"minecraft:item_frame":1,"minecraft:waxed_cut_copper_slab":1,"minecraft:furnace":1,"minecraft:cooked_beef":2,"minecraft:cobbled_deepslate":89,"minecraft:light_gray_bed":2,"minecraft:mangrove_boat":1,"minecraft:calcite":26,"minecraft:cooked_mutton":1,"minecraft:rabbit":1,"minecraft:stone_pickaxe":452,"minecraft:mangrove_planks":11,"minecraft:baked_potato":1,"minecraft:green_bed":4,"minecraft:cobblestone_slab":2,"minecraft:salmon":1,"minecraft:dark_oak_trapdoor":1,"minecraft:tnt":3,"minecraft:crafting_table":14,"minecraft:red_bed":1,"minecraft:mushroom_stew":1,"minecraft:cod":13,"minecraft:mangrove_sign":1,"minecraft:cake":1,"minecraft:oak_log":102,"minecraft:mud":1,"minecraft:apple":5,"minecraft:bread":10,"minecraft:cyan_bed":2,"minecraft:cyan_carpet":1,"minecraft:stone_axe":551,"minecraft:cobblestone":354,"minecraft:purple_bed":1,"minecraft:porkchop":2,"minecraft:cooked_porkchop":8,"minecraft:cooked_rabbit":1,"minecraft:pumpkin_pie":7,"ribbits:swamp_lantern":2},"minecraft:mined":{"minecraft:dark_oak_planks":10,"minecraft:waxed_cut_copper_slab":1,"minecraft:spruce_planks":350,"gravestone:gravestone":18,"minecraft:granite":5,"minecraft:budding_amethyst":5,"minecraft:purple_terracotta":2,"minecraft:spruce_fence":39,"minecraft:grass_block":4,"minecraft:jungle_planks":1,"minecraft:mangrove_fence":1,"minecraft:light_gray_bed":2,"minecraft:mangrove_trapdoor":2,"minecraft:spruce_leaves":28,"minecraft:spawner":7,"minecraft:large_fern":1,"minecraft:dark_oak_trapdoor":9,"minecraft:iron_ore":7,"minecraft:fire":187,"minecraft:cobbled_deepslate":50,"minecraft:nether_brick_stairs":5,"minecraft:peony":1,"minecraft:dark_oak_stairs":1,"minecraft:rail":9,"minecraft:vine":6,"minecraft:cave_vines":2,"minecraft:deepslate_iron_ore":2,"minecraft:smooth_quartz_stairs":1,"minecraft:azalea":1,"minecraft:stripped_mangrove_wood":18,"minecraft:cake":1,"minecraft:spruce_slab":50,"minecraft:green_bed":3,"minecraft:waxed_cut_copper_stairs":4,"minecraft:red_bed":1,"minecraft:stone_brick_slab":40,"minecraft:powder_snow":17,"minecraft:clay":1,"minecraft:crafting_table":9,"minecraft:torch":3,"minecraft:calcite":29,"minecraft:rose_bush":1,"minecraft:nether_brick_slab":4,"minecraft:tall_grass":1,"minecraft:cobblestone":124,"minecraft:cyan_bed":2,"minecraft:wall_torch":4,"minecraft:blue_bed":1,"minecraft:amethyst_block":111,"minecraft:spruce_stairs":11,"minecraft:purple_bed":1,"minecraft:mud":1,"minecraft:wheat":1,"minecraft:birch_trapdoor":3,"minecraft:spruce_log":208,"minecraft:tnt":2,"minecraft:mangrove_leaves":5,"minecraft:grass":15,"minecraft:mangrove_slab":2,"minecraft:oak_log":66,"minecraft:coal_ore":10,"ribbits:brown_toadstool":1,"minecraft:cyan_carpet":3,"minecraft:dirt":39,"minecraft:crimson_planks":13,"minecraft:cobweb":1,"minecraft:mangrove_log":51,"minecraft:stone_bricks":1,"minecraft:dispenser":1,"minecraft:fern":4},"minecraft:crafted":{"minecraft:cherry_planks":8,"minecraft:cobblestone_slab":150,"minecraft:furnace":1,"minecraft:mangrove_boat":1,"minecraft:stone":181,"minecraft:spruce_fence":33,"minecraft:cooked_mutton":1,"minecraft:stone_brick_slab":240,"minecraft:spruce_stairs":20,"minecraft:iron_axe":2,"minecraft:spruce_slab":366,"minecraft:stone_pickaxe":3,"minecraft:chest":1,"minecraft:spruce_boat":1,"minecraft:stone_bricks":140,"minecraft:cooked_rabbit":1,"minecraft:cooked_beef":2,"minecraft:cooked_porkchop":13,"minecraft:crafting_table":8,"minecraft:spruce_planks":260,"minecraft:iron_sword":2,"minecraft:mangrove_planks":184,"minecraft:stone_axe":6,"minecraft:air":0,"minecraft:iron_chestplate":1,"minecraft:stick":72,"born_in_chaos_v1:smoked_flesh":2,"minecraft:stone_sword":5,"minecraft:iron_leggings":1,"minecraft:torch":76},"minecraft:killed_by":{"minecraft:husk":21,"born_in_chaos_v1:nightmare_stalker":2,"darkestsouls:sewer_centipede":3,"minecraft:vindicator":1,"darkestsouls:leech":2,"darkestsouls:beast_patient":1,"cave_dweller:cave_dweller":1},"minecraft:picked_up":{"minecraft:mud":1,"minecraft:birch_door":1,"minecraft:iron_chestplate":1,"minecraft:crafting_table":11,"minecraft:wheat":5,"minecraft:ladder":20,"minecraft:clay_ball":4,"minecraft:prismarine_shard":4,"minecraft:turtle_helmet":1,"minecraft:lead":2,"minecraft:crimson_planks":23,"gravestone:obituary":9,"minecraft:red_bed":1,"minecraft:amethyst_block":107,"minecraft:raw_copper":80,"minecraft:string":1,"minecraft:dark_oak_trapdoor":1,"minecraft:waxed_cut_copper_slab":1,"minecraft:cooked_salmon":5,"minecraft:flint_and_steel":3,"minecraft:iron_leggings":1,"minecraft:item_frame":1,"minecraft:cyan_carpet":4,"minecraft:cobbled_deepslate":365,"minecraft:spruce_planks":299,"minecraft:beef":2,"minecraft:calcite":26,"minecraft:spruce_slab":53,"minecraft:mangrove_log":85,"minecraft:smooth_quartz_stairs":3,"minecraft:furnace":1,"minecraft:iron_boots":1,"minecraft:stick":12,"minecraft:raw_iron":9,"minecraft:stripped_mangrove_wood":15,"minecraft:stone":3,"ribbits:giant_lilypad":6,"minecraft:birch_trapdoor":5,"minecraft:spruce_fence":39,"minecraft:green_bed":4,"minecraft:torch":14,"minecraft:spruce_stairs":12,"minecraft:porkchop":15,"epicfight:skillbook":1,"minecraft:cherry_log":2,"minecraft:mangrove_sign":4,"minecraft:carrot":27,"minecraft:redstone":2,"minecraft:mangrove_trapdoor":4,"minecraft:dark_oak_planks":9,"minecraft:waxed_cut_copper_stairs":5,"minecraft:stone_sword":4,"minecraft:tnt":3,"minecraft:light_gray_bed":2,"minecraft:rotten_flesh":57,"minecraft:cooked_cod":4,"ribbits:swamp_lantern":2,"minecraft:mutton":1,"minecraft:cod":1,"minecraft:white_wool":1,"minecraft:skeleton_skull":1,"minecraft:rail":9,"minecraft:cobblestone":405,"born_in_chaos_v1:corpse_maggot":7,"minecraft:feather":4,"minecraft:cooked_beef":6,"born_in_chaos_v1:monster_flesh":1,"minecraft:salmon":1,"alexsmobs:cachalot_whale_tooth":1,"minecraft:flint":10,"minecraft:oak_log":65,"minecraft:gunpowder":6,"minecraft:mangrove_slab":12,"minecraft:blue_bed":1,"minecraft:dirt":84,"born_in_chaos_v1:monster_skin":1,"minecraft:mangrove_fence":3,"minecraft:bone":11,"minecraft:stone_bricks":1,"minecraft:gray_carpet":2,"ribbits:brown_toadstool":1,"minecraft:wheat_seeds":4,"minecraft:stone_pickaxe":3,"minecraft:iron_ingot":1,"minecraft:cooked_chicken":7,"minecraft:dark_oak_sign":1,"minecraft:rabbit":2,"minecraft:iron_sword":1,"minecraft:cooked_porkchop":1,"minecraft:stone_brick_slab":45,"minecraft:jungle_planks":2,"minecraft:amethyst_shard":4,"minecraft:spruce_sapling":4,"minecraft:nether_brick_stairs":8,"minecraft:nether_brick_slab":1,"minecraft:spruce_log":199,"minecraft:cyan_bed":2,"minecraft:dispenser":1,"minecraft:purple_bed":1,"minecraft:slime_ball":9,"minecraft:stone_axe":1,"minecraft:granite":3,"minecraft:painting":1,"minecraft:spruce_sign":1,"minecraft:bread":1,"alexsmobs:maggot":1,"minecraft:baked_potato":1,"minecraft:coal":27,"darkestsouls:throwing_knife":6}},"DataVersion":3465}